-- phpMyAdmin SQL Dump
-- version 4.6.4
-- https://www.phpmyadmin.net/
--
-- Host: db
-- Tempo de geração: 15/05/2018 às 07:57
-- Versão do servidor: 10.1.17-MariaDB-1~jessie
-- Versão do PHP: 5.6.26

SET SQL_MODE = "NO_AUTO_VALUE_ON_ZERO";
SET time_zone = "+00:00";


/*!40101 SET @OLD_CHARACTER_SET_CLIENT=@@CHARACTER_SET_CLIENT */;
/*!40101 SET @OLD_CHARACTER_SET_RESULTS=@@CHARACTER_SET_RESULTS */;
/*!40101 SET @OLD_COLLATION_CONNECTION=@@COLLATION_CONNECTION */;
/*!40101 SET NAMES utf8mb4 */;

--
-- Banco de dados: `vse_khorosho`
--

-- --------------------------------------------------------

--
-- Estrutura para tabela `comment`
--

CREATE TABLE `comment` (
  `id` int(11) NOT NULL,
  `text` varchar(511) CHARACTER SET utf8 NOT NULL,
  `creationDate` datetime NOT NULL,
  `userId` int(11) NOT NULL,
  `subjectId` int(11) NOT NULL
) ENGINE=InnoDB DEFAULT CHARSET=utf8 COLLATE=utf8_unicode_ci;

--
-- Fazendo dump de dados para tabela `comment`
--

INSERT INTO `comment` (`id`, `text`, `creationDate`, `userId`, `subjectId`) VALUES
(15, 'Выро интыллыгам дыфинитеоным мэль эю. Примич льаборэ волуптариа про ку, вим эа ёнэрмйщ факилиз.', '2016-02-12 23:28:56', 6, 21),
(16, 'Алёквюам дяшзынтиыт ючю ку. Еюж ат емпэтюсъ абхоррэант, пэр долорэм докэндё нэ! Эа шэа мольлиз пэрчёус витюпэраторебуз, эжт йн дектаж пожйдонёюм жкряпшэрит! Квюо аффэрт граэкы!!!!!!', '2016-08-16 23:28:56', 6, 14),
(17, 'oO, Хёз вэниам запиэнтэм нэ. Пэр ты факэр граэко адмодум, ад вим мюндй рэктэквуэ рэформйданч?', '2016-08-19 15:06:56', 8, 17),
(18, 'алёэнюм, нэ дёко праэчынт дуо, эю ыюм тамквюам альбюкиюс зальутанде. Мольлиз маиорюм дэмокритум ат нык!', '2016-08-14 11:38:56', 7, 14),
(19, 'рэформйданч компльыктётюр квуй? Ат квюо алььтыра форынчйбюж аргюмынтум, ельлюд дэмокритум конжтетуто кюм ад? Хёз вэниам запиэнтэм нэ. Пэр ты факэр граэко адмодум, ад вим мюндй рэктэквуэ рэформйданч.', '2011-02-12 23:28:56', 9, 16),
(20, ' Йн ридэнж фабыллас еракюндйа эож, клита лобортис трактатоз эю хаж, ыюм но мандамюч дйжпютандо.', '2011-02-12 23:28:56', 6, 19);

-- --------------------------------------------------------

--
-- Estrutura para tabela `session`
--

CREATE TABLE `session` (
  `id` int(11) NOT NULL,
  `data` varchar(4095) CHARACTER SET utf8 NOT NULL
) ENGINE=InnoDB DEFAULT CHARSET=utf8 COLLATE=utf8_unicode_ci;

--
-- Fazendo dump de dados para tabela `session`
--

INSERT INTO `session` (`id`, `data`) VALUES
(1, '{"userId":"1"}'),
(2, '{"userId":"1"}'),
(3, '{"userId":"1"}'),
(4, '{"userId":-1}'),
(5, '{"userId":-1}'),
(6, '{"userId":-1}'),
(7, '{"userId":-1}'),
(8, '{"userId":-1}'),
(9, '{"userId":-1}'),
(10, '{"userId":-1}'),
(11, '{"userId":-1}'),
(12, '{"userId":-1}'),
(13, '{"userId":-1}'),
(14, '{"userId":-1}'),
(15, '{"userId":-1}'),
(16, '{"userId":-1}'),
(17, '{"userId":-1}'),
(18, '{"userId":-1}'),
(19, '{"userId":-1}'),
(20, '{"userId":-1}'),
(21, '{"userId":-1}'),
(22, '{"userId":-1}'),
(23, '{"userId":-1}'),
(24, '{"userId":-1}'),
(25, '{"userId":-1}'),
(26, '{"userId":-1}'),
(27, '{"userId":-1}'),
(28, '{"userId":-1}'),
(29, '{"userId":-1}'),
(30, '{"userId":-1}'),
(31, '{"userId":-1}'),
(32, '{"userId":-1}'),
(33, '{"userId":-1}'),
(34, '{"userId":-1}'),
(35, '{"userId":-1}'),
(36, '{"userId":-1}'),
(37, '{"userId":-1}'),
(38, '{"userId":-1}'),
(39, '{"userId":-1}'),
(40, '{"userId":-1}'),
(41, '{"userId":-1}'),
(42, '{"userId":-1}'),
(43, '{"userId":-1}'),
(44, '{"userId":-1}'),
(45, '{"userId":-1}'),
(46, '{"userId":-1}'),
(47, '{"userId":-1}'),
(48, '{"userId":-1}'),
(49, '{"userId":-1}'),
(50, '{"userId":-1}'),
(51, '{"userId":-1}'),
(52, '{"userId":-1}'),
(53, '{"userId":-1}'),
(54, '{"userId":-1}'),
(55, '{"userId":-1}'),
(56, '{"userId":-1}'),
(57, '{"userId":-1}'),
(58, '{"userId":-1}'),
(59, '{"userId":-1}'),
(60, '{"userId":-1}'),
(61, '{"userId":-1}'),
(62, '{"userId":-1}'),
(63, '{"userId":-1}'),
(64, '{"userId":-1}'),
(65, '{"userId":-1}'),
(66, '{"userId":-1}'),
(67, '{"userId":-1}'),
(68, '{"userId":-1}'),
(69, '{"userId":-1}'),
(70, '{"userId":-1}'),
(71, '{"userId":-1}'),
(72, '{"userId":-1}'),
(73, '{"userId":-1}'),
(74, '{"userId":-1}'),
(75, '{"userId":-1}'),
(76, '{"userId":-1}'),
(77, '{"userId":-1}'),
(78, '{"userId":-1}'),
(79, '{"userId":-1}'),
(80, '{"userId":-1}'),
(81, '{"userId":-1}'),
(82, '{"userId":-1}'),
(83, '{"userId":-1}'),
(84, '{"userId":-1}'),
(85, '{"userId":-1}'),
(86, '{"userId":-1}'),
(87, '{"userId":-1}'),
(88, '{"userId":-1}'),
(89, '{"userId":-1}'),
(90, '{"userId":-1}'),
(91, '{"userId":-1}'),
(92, '{"userId":-1}'),
(93, '{"userId":-1}'),
(94, '{"userId":-1}'),
(95, '{"userId":-1}'),
(96, '{"userId":-1}'),
(97, '{"userId":-1}'),
(98, '{"userId":-1}'),
(99, '{"userId":-1}'),
(100, '{"userId":-1}'),
(101, '{"userId":-1}'),
(102, '{"userId":-1}'),
(103, '{"userId":-1}'),
(104, '{"userId":-1}'),
(105, '{"userId":-1}'),
(106, '{"userId":-1}'),
(107, '{"userId":-1}'),
(108, '{"userId":-1}'),
(109, '{"userId":-1}'),
(110, '{"userId":-1}'),
(111, '{"userId":-1}'),
(112, '{"userId":-1}'),
(113, '{"userId":-1}'),
(114, '{"userId":-1}'),
(115, '{"userId":-1}'),
(116, '{"userId":-1}'),
(117, '{"userId":-1}'),
(118, '{"userId":-1}'),
(119, '{"userId":-1}'),
(120, '{"userId":-1}'),
(121, '{"userId":-1}'),
(122, '{"userId":-1}'),
(123, '{"userId":-1}'),
(124, '{"userId":-1}'),
(125, '{"userId":-1}'),
(126, '{"userId":-1}'),
(127, '{"userId":-1}'),
(128, '{"userId":-1}'),
(129, '{"userId":-1}'),
(130, '{"userId":-1}'),
(131, '{"userId":-1}'),
(132, '{"userId":-1}'),
(133, '{"userId":-1}'),
(134, '{"userId":-1}'),
(135, '{"userId":-1}'),
(136, '{"userId":-1}'),
(137, '{"userId":-1}'),
(138, '{"userId":-1}'),
(139, '{"userId":-1}'),
(140, '{"userId":-1}'),
(141, '{"userId":-1}'),
(142, '{"userId":-1}'),
(143, '{"userId":-1}'),
(144, '{"userId":-1}'),
(145, '{"userId":-1}'),
(146, '{"userId":-1}'),
(147, '{"userId":-1}'),
(148, '{"userId":-1}'),
(149, '{"userId":-1}'),
(150, '{"userId":-1}'),
(151, '{"userId":-1}'),
(152, '{"userId":-1}'),
(153, '{"userId":-1}'),
(154, '{"userId":-1}'),
(155, '{"userId":-1}'),
(156, '{"userId":-1}'),
(157, '{"userId":-1}'),
(158, '{"userId":-1}'),
(159, '{"userId":-1}'),
(160, '{"userId":-1}'),
(161, '{"userId":-1}'),
(162, '{"userId":-1}'),
(163, '{"userId":-1}'),
(164, '{"userId":-1}'),
(165, '{"userId":-1}'),
(166, '{"userId":-1}'),
(167, '{"userId":-1}'),
(168, '{"userId":-1}'),
(169, '{"userId":-1}'),
(170, '{"userId":-1}'),
(171, '{"userId":-1}'),
(172, '{"userId":-1}'),
(173, '{"userId":-1}'),
(174, '{"userId":-1}'),
(175, '{"userId":-1}'),
(176, '{"userId":-1}'),
(177, '{"userId":-1}'),
(178, '{"userId":-1}'),
(179, '{"userId":-1}'),
(180, '{"userId":-1}'),
(181, '{"userId":-1}'),
(182, '{"userId":-1}'),
(183, '{"userId":-1}'),
(184, '{"userId":-1}'),
(185, '{"userId":-1}'),
(186, '{"userId":-1}'),
(187, '{"userId":-1}'),
(188, '{"userId":-1}'),
(189, '{"userId":-1}'),
(190, '{"userId":-1}'),
(191, '{"userId":-1}'),
(192, '{"userId":-1}'),
(193, '{"userId":-1}'),
(194, '{"userId":-1}'),
(195, '{"userId":-1}'),
(196, '{"userId":-1}'),
(197, '{"userId":-1}'),
(198, '{"userId":-1}'),
(199, '{"userId":-1}'),
(200, '{"userId":-1}'),
(201, '{"userId":-1}'),
(202, '{"userId":-1}'),
(203, '{"userId":-1}'),
(204, '{"userId":-1}'),
(205, '{"userId":-1}'),
(206, '{"userId":-1}'),
(207, '{"userId":-1}'),
(208, '{"userId":-1}'),
(209, '{"userId":-1}'),
(210, '{"userId":-1}'),
(211, '{"userId":-1}'),
(212, '{"userId":-1}'),
(213, '{"userId":-1}'),
(214, '{"userId":-1}'),
(215, '{"userId":-1}'),
(216, '{"userId":-1}'),
(217, '{"userId":-1}'),
(218, '{"userId":-1}'),
(219, '{"userId":-1}'),
(220, '{"userId":-1}'),
(221, '{"userId":-1}'),
(222, '{"userId":-1}'),
(223, '{"userId":-1}'),
(224, '{"userId":-1}'),
(225, '{"userId":-1}'),
(226, '{"userId":-1}'),
(227, '{"userId":-1}'),
(228, '{"userId":-1}'),
(229, '{"userId":-1}'),
(230, '{"userId":-1}'),
(231, '{"userId":-1}'),
(232, '{"userId":-1}'),
(233, '{"userId":-1}'),
(234, '{"userId":-1}'),
(235, '{"userId":-1}'),
(236, '{"userId":-1}'),
(237, '{"userId":-1}'),
(238, '{"userId":-1}'),
(239, '{"userId":-1}'),
(240, '{"userId":-1}'),
(241, '{"userId":-1}'),
(242, '{"userId":-1}'),
(243, '{"userId":-1}'),
(244, '{"userId":-1}'),
(245, '{"userId":-1}'),
(246, '{"userId":-1}'),
(247, '{"userId":-1}'),
(248, '{"userId":-1}'),
(249, '{"userId":-1}'),
(250, '{"userId":-1}'),
(251, '{"userId":-1}'),
(252, '{"userId":-1}'),
(253, '{"userId":-1}'),
(254, '{"userId":-1}'),
(255, '{"userId":-1}'),
(256, '{"userId":-1}'),
(257, '{"userId":-1}'),
(258, '{"userId":-1}'),
(259, '{"userId":-1}'),
(260, '{"userId":-1}'),
(261, '{"userId":-1}'),
(262, '{"userId":-1}'),
(263, '{"userId":-1}'),
(264, '{"userId":-1}'),
(265, '{"userId":-1}'),
(266, '{"userId":-1}'),
(267, '{"userId":-1}'),
(268, '{"userId":-1}'),
(269, '{"userId":-1}'),
(270, '{"userId":-1}'),
(271, '{"userId":-1}'),
(272, '{"userId":-1}'),
(273, '{"userId":-1}'),
(274, '{"userId":-1}'),
(275, '{"userId":-1}'),
(276, '{"userId":-1}'),
(277, '{"userId":-1}'),
(278, '{"userId":-1}'),
(279, '{"userId":-1}'),
(280, '{"userId":-1}'),
(281, '{"userId":-1}'),
(282, '{"userId":-1}'),
(283, '{"userId":-1}'),
(284, '{"userId":-1}'),
(285, '{"userId":-1}'),
(286, '{"userId":-1}'),
(287, '{"userId":-1}'),
(288, '{"userId":-1}'),
(289, '{"userId":-1}'),
(290, '{"userId":-1}'),
(291, '{"userId":-1}'),
(292, '{"userId":-1}'),
(293, '{"userId":-1}'),
(294, '{"userId":-1}'),
(295, '{"userId":-1}'),
(296, '{"userId":-1}'),
(297, '{"userId":-1}'),
(298, '{"userId":-1}'),
(299, '{"userId":-1}'),
(300, '{"userId":-1}'),
(301, '{"userId":-1}'),
(302, '{"userId":-1}'),
(303, '{"userId":-1}'),
(304, '{"userId":-1}'),
(305, '{"userId":-1}'),
(306, '{"userId":-1}'),
(307, '{"userId":-1}'),
(308, '{"userId":-1}'),
(309, '{"userId":-1}'),
(310, '{"userId":-1}'),
(311, '{"userId":-1}'),
(312, '{"userId":-1}'),
(313, '{"userId":-1}'),
(314, '{"userId":-1}'),
(315, '{"userId":-1}'),
(316, '{"userId":-1}'),
(317, '{"userId":-1}'),
(318, '{"userId":-1}'),
(319, '{"userId":-1}'),
(320, '{"userId":-1}'),
(321, '{"userId":-1}'),
(322, '{"userId":-1}'),
(323, '{"userId":-1}'),
(324, '{"userId":-1}'),
(325, '{"userId":-1}'),
(326, '{"userId":-1}'),
(327, '{"userId":-1}'),
(328, '{"userId":-1}'),
(329, '{"userId":-1}'),
(330, '{"userId":-1}'),
(331, '{"userId":-1}'),
(332, '{"userId":-1}'),
(333, '{"userId":-1}'),
(334, '{"userId":-1}'),
(335, '{"userId":-1}'),
(336, '{"userId":-1}'),
(337, '{"userId":-1}'),
(338, '{"userId":-1}'),
(339, '{"userId":-1}'),
(340, '{"userId":-1}'),
(341, '{"userId":-1}'),
(342, '{"userId":-1}'),
(343, '{"userId":-1}'),
(344, '{"userId":-1}'),
(345, '{"userId":-1}'),
(346, '{"userId":-1}'),
(347, '{"userId":-1}'),
(348, '{"userId":-1}'),
(349, '{"userId":-1}'),
(350, '{"userId":-1}'),
(351, '{"userId":-1}'),
(352, '{"userId":-1}'),
(353, '{"userId":-1}'),
(354, '{"userId":-1}'),
(355, '{"userId":-1}'),
(356, '{"userId":-1}'),
(357, '{"userId":-1}'),
(358, '{"userId":-1}'),
(359, '{"userId":-1}'),
(360, '{"userId":-1}'),
(361, '{"userId":-1}'),
(362, '{"userId":-1}'),
(363, '{"userId":-1}'),
(364, '{"userId":-1}'),
(365, '{"userId":-1}'),
(366, '{"userId":-1}'),
(367, '{"userId":-1}'),
(368, '{"userId":-1}'),
(369, '{"userId":-1}'),
(370, '{"userId":-1}'),
(371, '{"userId":-1}'),
(372, '{"userId":-1}'),
(373, '{"userId":-1}'),
(374, '{"userId":-1}'),
(375, '{"userId":-1}'),
(376, '{"userId":-1}'),
(377, '{"userId":-1}'),
(378, '{"userId":-1}'),
(379, '{"userId":-1}'),
(380, '{"userId":-1}'),
(381, '{"userId":-1}'),
(382, '{"userId":-1}'),
(383, '{"userId":-1}'),
(384, '{"userId":-1}'),
(385, '{"userId":-1}'),
(386, '{"userId":-1}'),
(387, '{"userId":-1}'),
(388, '{"userId":-1}'),
(389, '{"userId":-1}'),
(390, '{"userId":-1}'),
(391, '{"userId":-1}'),
(392, '{"userId":-1}'),
(393, '{"userId":-1}'),
(394, '{"userId":-1}'),
(395, '{"userId":-1}'),
(396, '{"userId":-1}'),
(397, '{"userId":-1}'),
(398, '{"userId":-1}'),
(399, '{"userId":-1}'),
(400, '{"userId":-1}'),
(401, '{"userId":-1}'),
(402, '{"userId":-1}'),
(403, '{"userId":-1}'),
(404, '{"userId":-1}'),
(405, '{"userId":-1}'),
(406, '{"userId":-1}'),
(407, '{"userId":-1}'),
(408, '{"userId":-1}'),
(409, '{"userId":-1}'),
(410, '{"userId":-1}'),
(411, '{"userId":-1}'),
(412, '{"userId":-1}'),
(413, '{"userId":-1}'),
(414, '{"userId":-1}'),
(415, '{"userId":-1}'),
(416, '{"userId":-1}'),
(417, '{"userId":-1}'),
(418, '{"userId":-1}'),
(419, '{"userId":-1}'),
(420, '{"userId":-1}'),
(421, '{"userId":-1}'),
(422, '{"userId":-1}'),
(423, '{"userId":-1}'),
(424, '{"userId":-1}'),
(425, '{"userId":-1}'),
(426, '{"userId":-1}'),
(427, '{"userId":-1}'),
(428, '{"userId":-1}'),
(429, '{"userId":"2"}'),
(430, '{"userId":"2"}'),
(431, '{"userId":"1"}'),
(432, '{"userId":"1"}'),
(433, '{"userId":-1}'),
(434, '{"userId":"2"}'),
(435, '{"userId":"1"}'),
(436, '{"userId":"2"}'),
(437, '{"userId":"1"}'),
(438, '{"userId":"1"}'),
(439, '{"userId":"2"}'),
(440, '{"userId":-1}'),
(441, '{"userId":-1}'),
(442, '{"userId":"2"}'),
(443, '{"userId":-1}'),
(444, '{"userId":-1}'),
(445, '{"userId":-1}'),
(446, '{"userId":-1}'),
(447, '{"userId":-1}'),
(448, '{"userId":-1}'),
(449, '{"userId":-1}'),
(450, '{"userId":-1}'),
(451, '{"userId":-1}'),
(452, '{"userId":-1}'),
(453, '{"userId":-1}'),
(454, '{"userId":-1}'),
(455, '{"userId":-1}'),
(456, '{"userId":-1}'),
(457, '{"userId":-1}'),
(458, '{"userId":-1}'),
(459, '{"userId":-1}'),
(460, '{"userId":-1}'),
(461, '{"userId":-1}'),
(462, '{"userId":-1}'),
(463, '{"userId":-1}'),
(464, '{"userId":-1}'),
(465, '{"userId":-1}'),
(466, '{"userId":-1}'),
(467, '{"userId":-1}'),
(468, '{"userId":-1}'),
(469, '{"userId":-1}'),
(470, '{"userId":-1}'),
(471, '{"userId":-1}'),
(472, '{"userId":-1}'),
(473, '{"userId":-1}'),
(474, '{"userId":-1}'),
(475, '{"userId":-1}'),
(476, '{"userId":-1}'),
(477, '{"userId":-1}'),
(478, '{"userId":-1}'),
(479, '{"userId":-1}'),
(480, '{"userId":-1}'),
(481, '{"userId":-1}'),
(482, '{"userId":-1}'),
(483, '{"userId":-1}'),
(484, '{"userId":-1}'),
(485, '{"userId":-1}'),
(486, '{"userId":-1}'),
(487, '{"userId":-1}'),
(488, '{"userId":-1}'),
(489, '{"userId":-1}'),
(490, '{"userId":-1}'),
(491, '{"userId":-1}'),
(492, '{"userId":-1}'),
(493, '{"userId":-1}'),
(494, '{"userId":-1}'),
(495, '{"userId":-1}'),
(496, '{"userId":-1}'),
(497, '{"userId":-1}'),
(498, '{"userId":-1}'),
(499, '{"userId":-1}'),
(500, '{"userId":-1}'),
(501, '{"userId":-1}'),
(502, '{"userId":-1}'),
(503, '{"userId":-1}'),
(504, '{"userId":-1}'),
(505, '{"userId":-1}'),
(506, '{"userId":-1}'),
(507, '{"userId":-1}'),
(508, '{"userId":-1}'),
(509, '{"userId":-1}'),
(510, '{"userId":-1}'),
(511, '{"userId":-1}'),
(512, '{"userId":-1}'),
(513, '{"userId":-1}'),
(514, '{"userId":-1}'),
(515, '{"userId":-1}'),
(516, '{"userId":-1}'),
(517, '{"userId":-1}'),
(518, '{"userId":-1}'),
(519, '{"userId":-1}'),
(520, '{"userId":-1}'),
(521, '{"userId":-1}'),
(522, '{"userId":-1}'),
(523, '{"userId":-1}'),
(524, '{"userId":-1}'),
(525, '{"userId":-1}'),
(526, '{"userId":-1}'),
(527, '{"userId":-1}'),
(528, '{"userId":-1}'),
(529, '{"userId":-1}'),
(530, '{"userId":-1}'),
(531, '{"userId":-1}'),
(532, '{"userId":-1}'),
(533, '{"userId":-1}'),
(534, '{"userId":-1}'),
(535, '{"userId":-1}'),
(536, '{"userId":-1}'),
(537, '{"userId":-1}'),
(538, '{"userId":-1}'),
(539, '{"userId":-1}'),
(540, '{"userId":-1}'),
(541, '{"userId":-1}'),
(542, '{"userId":-1}'),
(543, '{"userId":-1}'),
(544, '{"userId":-1}'),
(545, '{"userId":-1}'),
(546, '{"userId":-1}'),
(547, '{"userId":-1}'),
(548, '{"userId":-1}'),
(549, '{"userId":-1}'),
(550, '{"userId":-1}'),
(551, '{"userId":-1}'),
(552, '{"userId":-1}'),
(553, '{"userId":-1}'),
(554, '{"userId":-1}'),
(555, '{"userId":-1}'),
(556, '{"userId":-1}'),
(557, '{"userId":-1}'),
(558, '{"userId":-1}'),
(559, '{"userId":-1}'),
(560, '{"userId":-1}'),
(561, '{"userId":-1}'),
(562, '{"userId":-1}'),
(563, '{"userId":-1}'),
(564, '{"userId":-1}'),
(565, '{"userId":-1}'),
(566, '{"userId":-1}'),
(567, '{"userId":-1}'),
(568, '{"userId":-1}'),
(569, '{"userId":-1}'),
(570, '{"userId":-1}'),
(571, '{"userId":-1}'),
(572, '{"userId":-1}'),
(573, '{"userId":-1}'),
(574, '{"userId":-1}'),
(575, '{"userId":-1}'),
(576, '{"userId":-1}'),
(577, '{"userId":-1}'),
(578, '{"userId":-1}'),
(579, '{"userId":-1}'),
(580, '{"userId":-1}'),
(581, '{"userId":-1}'),
(582, '{"userId":-1}'),
(583, '{"userId":-1}'),
(584, '{"userId":-1}'),
(585, '{"userId":-1}'),
(586, '{"userId":-1}'),
(587, '{"userId":-1}'),
(588, '{"userId":-1}'),
(589, '{"userId":-1}'),
(590, '{"userId":-1}'),
(591, '{"userId":-1}'),
(592, '{"userId":-1}'),
(593, '{"userId":-1}'),
(594, '{"userId":-1}'),
(595, '{"userId":-1}'),
(596, '{"userId":-1}'),
(597, '{"userId":-1}'),
(598, '{"userId":-1}'),
(599, '{"userId":-1}'),
(600, '{"userId":-1}'),
(601, '{"userId":-1}'),
(602, '{"userId":-1}'),
(603, '{"userId":-1}'),
(604, '{"userId":-1}'),
(605, '{"userId":-1}'),
(606, '{"userId":-1}'),
(607, '{"userId":-1}'),
(608, '{"userId":-1}'),
(609, '{"userId":-1}'),
(610, '{"userId":-1}'),
(611, '{"userId":-1}'),
(612, '{"userId":-1}'),
(613, '{"userId":-1}'),
(614, '{"userId":-1}'),
(615, '{"userId":-1}'),
(616, '{"userId":-1}'),
(617, '{"userId":-1}'),
(618, '{"userId":-1}'),
(619, '{"userId":-1}'),
(620, '{"userId":-1}'),
(621, '{"userId":-1}'),
(622, '{"userId":-1}'),
(623, '{"userId":-1}'),
(624, '{"userId":-1}'),
(625, '{"userId":-1}'),
(626, '{"userId":-1}'),
(627, '{"userId":-1}'),
(628, '{"userId":-1}'),
(629, '{"userId":-1}'),
(630, '{"userId":-1}'),
(631, '{"userId":-1}'),
(632, '{"userId":-1}'),
(633, '{"userId":-1}'),
(634, '{"userId":-1}'),
(635, '{"userId":-1}'),
(636, '{"userId":-1}'),
(637, '{"userId":-1}'),
(638, '{"userId":-1}'),
(639, '{"userId":-1}'),
(640, '{"userId":-1}'),
(641, '{"userId":-1}'),
(642, '{"userId":-1}'),
(643, '{"userId":-1}'),
(644, '{"userId":-1}'),
(645, '{"userId":-1}'),
(646, '{"userId":-1}'),
(647, '{"userId":-1}'),
(648, '{"userId":-1}'),
(649, '{"userId":-1}'),
(650, '{"userId":-1}'),
(651, '{"userId":-1}'),
(652, '{"userId":-1}'),
(653, '{"userId":-1}'),
(654, '{"userId":-1}'),
(655, '{"userId":-1}'),
(656, '{"userId":-1}'),
(657, '{"userId":-1}'),
(658, '{"userId":-1}'),
(659, '{"userId":-1}'),
(660, '{"userId":-1}'),
(661, '{"userId":-1}'),
(662, '{"userId":-1}'),
(663, '{"userId":-1}'),
(664, '{"userId":-1}'),
(665, '{"userId":-1}'),
(666, '{"userId":-1}'),
(667, '{"userId":-1}'),
(668, '{"userId":-1}'),
(669, '{"userId":-1}'),
(670, '{"userId":-1}'),
(671, '{"userId":-1}'),
(672, '{"userId":-1}'),
(673, '{"userId":-1}'),
(674, '{"userId":-1}'),
(675, '{"userId":-1}'),
(676, '{"userId":-1}'),
(677, '{"userId":-1}'),
(678, '{"userId":-1}'),
(679, '{"userId":-1}'),
(680, '{"userId":-1}'),
(681, '{"userId":-1}'),
(682, '{"userId":-1}'),
(683, '{"userId":-1}'),
(684, '{"userId":-1}'),
(685, '{"userId":-1}'),
(686, '{"userId":-1}'),
(687, '{"userId":-1}'),
(688, '{"userId":-1}'),
(689, '{"userId":-1}'),
(690, '{"userId":-1}'),
(691, '{"userId":-1}'),
(692, '{"userId":-1}'),
(693, '{"userId":-1}'),
(694, '{"userId":-1}'),
(695, '{"userId":-1}'),
(696, '{"userId":-1}'),
(697, '{"userId":-1}'),
(698, '{"userId":-1}'),
(699, '{"userId":-1}'),
(700, '{"userId":-1}'),
(701, '{"userId":-1}'),
(702, '{"userId":-1}'),
(703, '{"userId":-1}'),
(704, '{"userId":-1}'),
(705, '{"userId":-1}'),
(706, '{"userId":-1}'),
(707, '{"userId":-1}'),
(708, '{"userId":-1}'),
(709, '{"userId":-1}'),
(710, '{"userId":-1}'),
(711, '{"userId":-1}'),
(712, '{"userId":-1}'),
(713, '{"userId":-1}'),
(714, '{"userId":-1}'),
(715, '{"userId":-1}'),
(716, '{"userId":-1}'),
(717, '{"userId":-1}'),
(718, '{"userId":-1}'),
(719, '{"userId":-1}'),
(720, '{"userId":-1}'),
(721, '{"userId":-1}'),
(722, '{"userId":-1}'),
(723, '{"userId":-1}'),
(724, '{"userId":-1}'),
(725, '{"userId":-1}'),
(726, '{"userId":-1}'),
(727, '{"userId":-1}'),
(728, '{"userId":-1}'),
(729, '{"userId":-1}'),
(730, '{"userId":-1}'),
(731, '{"userId":-1}'),
(732, '{"userId":-1}'),
(733, '{"userId":-1}'),
(734, '{"userId":-1}'),
(735, '{"userId":-1}'),
(736, '{"userId":-1}'),
(737, '{"userId":-1}'),
(738, '{"userId":-1}'),
(739, '{"userId":-1}'),
(740, '{"userId":-1}'),
(741, '{"userId":-1}'),
(742, '{"userId":-1}'),
(743, '{"userId":-1}'),
(744, '{"userId":-1}'),
(745, '{"userId":-1}'),
(746, '{"userId":-1}'),
(747, '{"userId":-1}'),
(748, '{"userId":-1}'),
(749, '{"userId":-1}'),
(750, '{"userId":-1}'),
(751, '{"userId":-1}'),
(752, '{"userId":-1}'),
(753, '{"userId":-1}'),
(754, '{"userId":-1}'),
(755, '{"userId":-1}'),
(756, '{"userId":-1}'),
(757, '{"userId":-1}'),
(758, '{"userId":-1}'),
(759, '{"userId":-1}'),
(760, '{"userId":-1}'),
(761, '{"userId":-1}'),
(762, '{"userId":-1}'),
(763, '{"userId":-1}'),
(764, '{"userId":-1}'),
(765, '{"userId":-1}'),
(766, '{"userId":-1}'),
(767, '{"userId":-1}'),
(768, '{"userId":-1}'),
(769, '{"userId":-1}'),
(770, '{"userId":-1}'),
(771, '{"userId":-1}'),
(772, '{"userId":-1}'),
(773, '{"userId":-1}'),
(774, '{"userId":-1}'),
(775, '{"userId":-1}'),
(776, '{"userId":-1}'),
(777, '{"userId":-1}'),
(778, '{"userId":-1}'),
(779, '{"userId":-1}'),
(780, '{"userId":-1}'),
(781, '{"userId":-1}'),
(782, '{"userId":-1}'),
(783, '{"userId":-1}'),
(784, '{"userId":-1}'),
(785, '{"userId":-1}'),
(786, '{"userId":-1}'),
(787, '{"userId":-1}'),
(788, '{"userId":-1}'),
(789, '{"userId":-1}'),
(790, '{"userId":-1}'),
(791, '{"userId":-1}'),
(792, '{"userId":-1}'),
(793, '{"userId":-1}'),
(794, '{"userId":-1}'),
(795, '{"userId":-1}'),
(796, '{"userId":-1}'),
(797, '{"userId":-1}'),
(798, '{"userId":-1}'),
(799, '{"userId":-1}'),
(800, '{"userId":-1}'),
(801, '{"userId":-1}'),
(802, '{"userId":-1}'),
(803, '{"userId":-1}'),
(804, '{"userId":-1}'),
(805, '{"userId":-1}'),
(806, '{"userId":-1}'),
(807, '{"userId":-1}'),
(808, '{"userId":-1}'),
(809, '{"userId":-1}'),
(810, '{"userId":-1}'),
(811, '{"userId":-1}'),
(812, '{"userId":-1}'),
(813, '{"userId":-1}'),
(814, '{"userId":-1}'),
(815, '{"userId":-1}'),
(816, '{"userId":-1}'),
(817, '{"userId":-1}'),
(818, '{"userId":-1}'),
(819, '{"userId":-1}'),
(820, '{"userId":-1}'),
(821, '{"userId":-1}'),
(822, '{"userId":-1}'),
(823, '{"userId":-1}'),
(824, '{"userId":-1}'),
(825, '{"userId":-1}'),
(826, '{"userId":-1}'),
(827, '{"userId":-1}'),
(828, '{"userId":-1}'),
(829, '{"userId":-1}'),
(830, '{"userId":-1}'),
(831, '{"userId":-1}'),
(832, '{"userId":-1}'),
(833, '{"userId":-1}'),
(834, '{"userId":-1}'),
(835, '{"userId":-1}'),
(836, '{"userId":-1}'),
(837, '{"userId":-1}'),
(838, '{"userId":-1}'),
(839, '{"userId":-1}'),
(840, '{"userId":-1}'),
(841, '{"userId":-1}'),
(842, '{"userId":-1}'),
(843, '{"userId":-1}'),
(844, '{"userId":-1}'),
(845, '{"userId":-1}'),
(846, '{"userId":-1}'),
(847, '{"userId":-1}'),
(848, '{"userId":-1}'),
(849, '{"userId":-1}'),
(850, '{"userId":-1}'),
(851, '{"userId":-1}'),
(852, '{"userId":-1}'),
(853, '{"userId":-1}'),
(854, '{"userId":-1}'),
(855, '{"userId":-1}'),
(856, '{"userId":-1}'),
(857, '{"userId":-1}'),
(858, '{"userId":-1}'),
(859, '{"userId":-1}'),
(860, '{"userId":-1}'),
(861, '{"userId":-1}'),
(862, '{"userId":-1}'),
(863, '{"userId":-1}'),
(864, '{"userId":-1}'),
(865, '{"userId":-1}'),
(866, '{"userId":-1}'),
(867, '{"userId":-1}'),
(868, '{"userId":-1}'),
(869, '{"userId":-1}'),
(870, '{"userId":-1}'),
(871, '{"userId":-1}'),
(872, '{"userId":-1}'),
(873, '{"userId":-1}'),
(874, '{"userId":-1}'),
(875, '{"userId":-1}'),
(876, '{"userId":-1}'),
(877, '{"userId":-1}'),
(878, '{"userId":-1}'),
(879, '{"userId":-1}'),
(880, '{"userId":-1}'),
(881, '{"userId":-1}'),
(882, '{"userId":-1}'),
(883, '{"userId":-1}'),
(884, '{"userId":-1}'),
(885, '{"userId":-1}'),
(886, '{"userId":-1}'),
(887, '{"userId":-1}'),
(888, '{"userId":-1}'),
(889, '{"userId":-1}'),
(890, '{"userId":-1}'),
(891, '{"userId":-1}'),
(892, '{"userId":-1}'),
(893, '{"userId":-1}'),
(894, '{"userId":-1}'),
(895, '{"userId":-1}'),
(896, '{"userId":-1}'),
(897, '{"userId":-1}'),
(898, '{"userId":-1}'),
(899, '{"userId":-1}'),
(900, '{"userId":-1}'),
(901, '{"userId":-1}'),
(902, '{"userId":-1}'),
(903, '{"userId":-1}'),
(904, '{"userId":-1}'),
(905, '{"userId":-1}'),
(906, '{"userId":-1}'),
(907, '{"userId":-1}'),
(908, '{"userId":-1}'),
(909, '{"userId":-1}'),
(910, '{"userId":-1}'),
(911, '{"userId":-1}'),
(912, '{"userId":-1}'),
(913, '{"userId":-1}'),
(914, '{"userId":-1}'),
(915, '{"userId":-1}'),
(916, '{"userId":-1}'),
(917, '{"userId":-1}'),
(918, '{"userId":-1}'),
(919, '{"userId":-1}'),
(920, '{"userId":-1}'),
(921, '{"userId":-1}'),
(922, '{"userId":-1}'),
(923, '{"userId":-1}'),
(924, '{"userId":-1}'),
(925, '{"userId":-1}'),
(926, '{"userId":-1}'),
(927, '{"userId":-1}'),
(928, '{"userId":-1}'),
(929, '{"userId":-1}'),
(930, '{"userId":-1}'),
(931, '{"userId":-1}'),
(932, '{"userId":-1}'),
(933, '{"userId":-1}'),
(934, '{"userId":-1}'),
(935, '{"userId":-1}'),
(936, '{"userId":-1}'),
(937, '{"userId":-1}'),
(938, '{"userId":-1}'),
(939, '{"userId":-1}'),
(940, '{"userId":-1}'),
(941, '{"userId":-1}'),
(942, '{"userId":-1}'),
(943, '{"userId":-1}'),
(944, '{"userId":-1}'),
(945, '{"userId":-1}'),
(946, '{"userId":-1}'),
(947, '{"userId":-1}'),
(948, '{"userId":-1}'),
(949, '{"userId":-1}'),
(950, '{"userId":-1}'),
(951, '{"userId":-1}'),
(952, '{"userId":-1}'),
(953, '{"userId":-1}'),
(954, '{"userId":-1}'),
(955, '{"userId":-1}'),
(956, '{"userId":-1}'),
(957, '{"userId":-1}'),
(958, '{"userId":-1}'),
(959, '{"userId":-1}'),
(960, '{"userId":-1}'),
(961, '{"userId":-1}'),
(962, '{"userId":-1}'),
(963, '{"userId":-1}'),
(964, '{"userId":-1}'),
(965, '{"userId":-1}'),
(966, '{"userId":-1}'),
(967, '{"userId":-1}'),
(968, '{"userId":-1}'),
(969, '{"userId":-1}'),
(970, '{"userId":-1}'),
(971, '{"userId":-1}'),
(972, '{"userId":-1}'),
(973, '{"userId":-1}'),
(974, '{"userId":-1}'),
(975, '{"userId":-1}'),
(976, '{"userId":-1}'),
(977, '{"userId":-1}'),
(978, '{"userId":-1}'),
(979, '{"userId":-1}'),
(980, '{"userId":-1}'),
(981, '{"userId":-1}'),
(982, '{"userId":-1}'),
(983, '{"userId":-1}'),
(984, '{"userId":-1}'),
(985, '{"userId":-1}'),
(986, '{"userId":-1}'),
(987, '{"userId":-1}'),
(988, '{"userId":-1}'),
(989, '{"userId":-1}'),
(990, '{"userId":-1}'),
(991, '{"userId":-1}'),
(992, '{"userId":-1}'),
(993, '{"userId":-1}'),
(994, '{"userId":-1}'),
(995, '{"userId":-1}'),
(996, '{"userId":-1}'),
(997, '{"userId":-1}'),
(998, '{"userId":-1}'),
(999, '{"userId":-1}'),
(1000, '{"userId":-1}'),
(1001, '{"userId":-1}'),
(1002, '{"userId":-1}'),
(1003, '{"userId":-1}'),
(1004, '{"userId":-1}'),
(1005, '{"userId":-1}'),
(1006, '{"userId":-1}'),
(1007, '{"userId":-1}'),
(1008, '{"userId":-1}'),
(1009, '{"userId":-1}'),
(1010, '{"userId":-1}'),
(1011, '{"userId":-1}'),
(1012, '{"userId":-1}'),
(1013, '{"userId":-1}'),
(1014, '{"userId":-1}'),
(1015, '{"userId":-1}'),
(1016, '{"userId":-1}'),
(1017, '{"userId":-1}'),
(1018, '{"userId":-1}'),
(1019, '{"userId":-1}'),
(1020, '{"userId":-1}'),
(1021, '{"userId":-1}'),
(1022, '{"userId":-1}'),
(1023, '{"userId":-1}'),
(1024, '{"userId":-1}'),
(1025, '{"userId":-1}'),
(1026, '{"userId":-1}'),
(1027, '{"userId":-1}'),
(1028, '{"userId":-1}'),
(1029, '{"userId":-1}'),
(1030, '{"userId":-1}'),
(1031, '{"userId":-1}'),
(1032, '{"userId":-1}'),
(1033, '{"userId":-1}'),
(1034, '{"userId":-1}'),
(1035, '{"userId":-1}'),
(1036, '{"userId":-1}'),
(1037, '{"userId":-1}'),
(1038, '{"userId":-1}'),
(1039, '{"userId":-1}'),
(1040, '{"userId":-1}'),
(1041, '{"userId":-1}'),
(1042, '{"userId":-1}'),
(1043, '{"userId":-1}'),
(1044, '{"userId":-1}'),
(1045, '{"userId":-1}'),
(1046, '{"userId":-1}'),
(1047, '{"userId":-1}'),
(1048, '{"userId":-1}'),
(1049, '{"userId":-1}'),
(1050, '{"userId":-1}'),
(1051, '{"userId":-1}'),
(1052, '{"userId":-1}'),
(1053, '{"userId":-1}'),
(1054, '{"userId":-1}'),
(1055, '{"userId":-1}'),
(1056, '{"userId":-1}'),
(1057, '{"userId":-1}'),
(1058, '{"userId":-1}'),
(1059, '{"userId":-1}'),
(1060, '{"userId":-1}'),
(1061, '{"userId":-1}'),
(1062, '{"userId":-1}'),
(1063, '{"userId":-1}'),
(1064, '{"userId":-1}'),
(1065, '{"userId":-1}'),
(1066, '{"userId":-1}'),
(1067, '{"userId":-1}'),
(1068, '{"userId":-1}'),
(1069, '{"userId":-1}'),
(1070, '{"userId":-1}'),
(1071, '{"userId":-1}'),
(1072, '{"userId":-1}'),
(1073, '{"userId":-1}'),
(1074, '{"userId":-1}'),
(1075, '{"userId":-1}'),
(1076, '{"userId":-1}'),
(1077, '{"userId":-1}'),
(1078, '{"userId":-1}'),
(1079, '{"userId":-1}'),
(1080, '{"userId":-1}'),
(1081, '{"userId":-1}'),
(1082, '{"userId":-1}'),
(1083, '{"userId":-1}'),
(1084, '{"userId":-1}'),
(1085, '{"userId":-1}'),
(1086, '{"userId":-1}'),
(1087, '{"userId":-1}'),
(1088, '{"userId":-1}'),
(1089, '{"userId":-1}'),
(1090, '{"userId":-1}'),
(1091, '{"userId":-1}'),
(1092, '{"userId":-1}'),
(1093, '{"userId":-1}'),
(1094, '{"userId":-1}'),
(1095, '{"userId":-1}'),
(1096, '{"userId":-1}'),
(1097, '{"userId":-1}'),
(1098, '{"userId":-1}'),
(1099, '{"userId":-1}'),
(1100, '{"userId":-1}'),
(1101, '{"userId":-1}'),
(1102, '{"userId":-1}'),
(1103, '{"userId":-1}'),
(1104, '{"userId":-1}'),
(1105, '{"userId":-1}'),
(1106, '{"userId":-1}'),
(1107, '{"userId":-1}'),
(1108, '{"userId":-1}'),
(1109, '{"userId":-1}'),
(1110, '{"userId":-1}'),
(1111, '{"userId":-1}'),
(1112, '{"userId":-1}'),
(1113, '{"userId":-1}'),
(1114, '{"userId":-1}'),
(1115, '{"userId":-1}'),
(1116, '{"userId":-1}'),
(1117, '{"userId":-1}'),
(1118, '{"userId":-1}'),
(1119, '{"userId":-1}'),
(1120, '{"userId":-1}'),
(1121, '{"userId":-1}'),
(1122, '{"userId":-1}'),
(1123, '{"userId":-1}'),
(1124, '{"userId":-1}'),
(1125, '{"userId":-1}'),
(1126, '{"userId":-1}'),
(1127, '{"userId":-1}'),
(1128, '{"userId":-1}'),
(1129, '{"userId":-1}'),
(1130, '{"userId":-1}'),
(1131, '{"userId":-1}'),
(1132, '{"userId":-1}'),
(1133, '{"userId":-1}'),
(1134, '{"userId":-1}'),
(1135, '{"userId":-1}'),
(1136, '{"userId":-1}'),
(1137, '{"userId":-1}'),
(1138, '{"userId":-1}'),
(1139, '{"userId":-1}'),
(1140, '{"userId":-1}'),
(1141, '{"userId":-1}'),
(1142, '{"userId":-1}'),
(1143, '{"userId":-1}'),
(1144, '{"userId":-1}'),
(1145, '{"userId":-1}'),
(1146, '{"userId":-1}'),
(1147, '{"userId":-1}'),
(1148, '{"userId":-1}'),
(1149, '{"userId":-1}'),
(1150, '{"userId":-1}'),
(1151, '{"userId":-1}'),
(1152, '{"userId":-1}'),
(1153, '{"userId":-1}'),
(1154, '{"userId":-1}'),
(1155, '{"userId":-1}'),
(1156, '{"userId":-1}'),
(1157, '{"userId":-1}'),
(1158, '{"userId":-1}'),
(1159, '{"userId":-1}'),
(1160, '{"userId":-1}'),
(1161, '{"userId":-1}'),
(1162, '{"userId":-1}'),
(1163, '{"userId":-1}'),
(1164, '{"userId":-1}'),
(1165, '{"userId":-1}'),
(1166, '{"userId":-1}'),
(1167, '{"userId":-1}'),
(1168, '{"userId":-1}'),
(1169, '{"userId":-1}'),
(1170, '{"userId":-1}'),
(1171, '{"userId":-1}'),
(1172, '{"userId":-1}'),
(1173, '{"userId":-1}'),
(1174, '{"userId":-1}'),
(1175, '{"userId":-1}'),
(1176, '{"userId":-1}'),
(1177, '{"userId":-1}'),
(1178, '{"userId":-1}'),
(1179, '{"userId":-1}'),
(1180, '{"userId":-1}'),
(1181, '{"userId":-1}'),
(1182, '{"userId":-1}'),
(1183, '{"userId":-1}'),
(1184, '{"userId":-1}'),
(1185, '{"userId":-1}'),
(1186, '{"userId":-1}'),
(1187, '{"userId":-1}'),
(1188, '{"userId":-1}'),
(1189, '{"userId":-1}'),
(1190, '{"userId":-1}'),
(1191, '{"userId":-1}'),
(1192, '{"userId":-1}'),
(1193, '{"userId":-1}'),
(1194, '{"userId":-1}'),
(1195, '{"userId":-1}'),
(1196, '{"userId":-1}'),
(1197, '{"userId":-1}'),
(1198, '{"userId":-1}'),
(1199, '{"userId":-1}'),
(1200, '{"userId":-1}'),
(1201, '{"userId":-1}'),
(1202, '{"userId":-1}'),
(1203, '{"userId":-1}'),
(1204, '{"userId":-1}'),
(1205, '{"userId":-1}'),
(1206, '{"userId":-1}'),
(1207, '{"userId":-1}'),
(1208, '{"userId":-1}'),
(1209, '{"userId":-1}'),
(1210, '{"userId":-1}'),
(1211, '{"userId":-1}'),
(1212, '{"userId":-1}'),
(1213, '{"userId":-1}'),
(1214, '{"userId":-1}'),
(1215, '{"userId":-1}'),
(1216, '{"userId":-1}'),
(1217, '{"userId":-1}'),
(1218, '{"userId":-1}'),
(1219, '{"userId":-1}'),
(1220, '{"userId":-1}'),
(1221, '{"userId":-1}'),
(1222, '{"userId":-1}'),
(1223, '{"userId":-1}'),
(1224, '{"userId":-1}'),
(1225, '{"userId":-1}'),
(1226, '{"userId":-1}'),
(1227, '{"userId":-1}'),
(1228, '{"userId":-1}'),
(1229, '{"userId":-1}'),
(1230, '{"userId":-1}'),
(1231, '{"userId":-1}'),
(1232, '{"userId":-1}'),
(1233, '{"userId":-1}'),
(1234, '{"userId":-1}'),
(1235, '{"userId":-1}'),
(1236, '{"userId":-1}'),
(1237, '{"userId":-1}'),
(1238, '{"userId":-1}'),
(1239, '{"userId":-1}'),
(1240, '{"userId":-1}'),
(1241, '{"userId":-1}'),
(1242, '{"userId":-1}'),
(1243, '{"userId":-1}'),
(1244, '{"userId":-1}'),
(1245, '{"userId":-1}'),
(1246, '{"userId":-1}'),
(1247, '{"userId":-1}'),
(1248, '{"userId":-1}'),
(1249, '{"userId":-1}'),
(1250, '{"userId":-1}'),
(1251, '{"userId":-1}'),
(1252, '{"userId":-1}'),
(1253, '{"userId":-1}'),
(1254, '{"userId":-1}'),
(1255, '{"userId":-1}'),
(1256, '{"userId":-1}'),
(1257, '{"userId":-1}'),
(1258, '{"userId":-1}'),
(1259, '{"userId":-1}'),
(1260, '{"userId":-1}'),
(1261, '{"userId":-1}'),
(1262, '{"userId":-1}'),
(1263, '{"userId":-1}'),
(1264, '{"userId":-1}'),
(1265, '{"userId":-1}'),
(1266, '{"userId":-1}'),
(1267, '{"userId":-1}'),
(1268, '{"userId":-1}'),
(1269, '{"userId":-1}'),
(1270, '{"userId":-1}'),
(1271, '{"userId":-1}'),
(1272, '{"userId":-1}'),
(1273, '{"userId":-1}'),
(1274, '{"userId":-1}'),
(1275, '{"userId":-1}'),
(1276, '{"userId":-1}'),
(1277, '{"userId":-1}'),
(1278, '{"userId":-1}'),
(1279, '{"userId":-1}'),
(1280, '{"userId":-1}'),
(1281, '{"userId":-1}'),
(1282, '{"userId":-1}'),
(1283, '{"userId":-1}'),
(1284, '{"userId":-1}'),
(1285, '{"userId":-1}'),
(1286, '{"userId":-1}'),
(1287, '{"userId":-1}'),
(1288, '{"userId":-1}'),
(1289, '{"userId":-1}'),
(1290, '{"userId":-1}'),
(1291, '{"userId":-1}'),
(1292, '{"userId":-1}'),
(1293, '{"userId":-1}'),
(1294, '{"userId":-1}'),
(1295, '{"userId":-1}'),
(1296, '{"userId":-1}'),
(1297, '{"userId":-1}'),
(1298, '{"userId":-1}'),
(1299, '{"userId":-1}'),
(1300, '{"userId":-1}'),
(1301, '{"userId":-1}'),
(1302, '{"userId":-1}'),
(1303, '{"userId":-1}'),
(1304, '{"userId":-1}'),
(1305, '{"userId":-1}'),
(1306, '{"userId":-1}'),
(1307, '{"userId":-1}'),
(1308, '{"userId":-1}'),
(1309, '{"userId":-1}'),
(1310, '{"userId":-1}'),
(1311, '{"userId":-1}'),
(1312, '{"userId":-1}'),
(1313, '{"userId":-1}'),
(1314, '{"userId":-1}'),
(1315, '{"userId":-1}'),
(1316, '{"userId":-1}'),
(1317, '{"userId":-1}'),
(1318, '{"userId":-1}'),
(1319, '{"userId":-1}'),
(1320, '{"userId":-1}'),
(1321, '{"userId":-1}'),
(1322, '{"userId":-1}'),
(1323, '{"userId":-1}'),
(1324, '{"userId":-1}'),
(1325, '{"userId":-1}'),
(1326, '{"userId":-1}'),
(1327, '{"userId":-1}'),
(1328, '{"userId":-1}'),
(1329, '{"userId":-1}'),
(1330, '{"userId":-1}'),
(1331, '{"userId":-1}'),
(1332, '{"userId":-1}'),
(1333, '{"userId":-1}'),
(1334, '{"userId":-1}'),
(1335, '{"userId":-1}'),
(1336, '{"userId":-1}'),
(1337, '{"userId":-1}'),
(1338, '{"userId":-1}'),
(1339, '{"userId":-1}'),
(1340, '{"userId":-1}'),
(1341, '{"userId":-1}'),
(1342, '{"userId":-1}'),
(1343, '{"userId":-1}'),
(1344, '{"userId":-1}'),
(1345, '{"userId":-1}'),
(1346, '{"userId":-1}'),
(1347, '{"userId":-1}'),
(1348, '{"userId":-1}'),
(1349, '{"userId":-1}'),
(1350, '{"userId":-1}'),
(1351, '{"userId":-1}'),
(1352, '{"userId":-1}'),
(1353, '{"userId":-1}'),
(1354, '{"userId":-1}'),
(1355, '{"userId":-1}'),
(1356, '{"userId":-1}'),
(1357, '{"userId":-1}'),
(1358, '{"userId":-1}'),
(1359, '{"userId":-1}'),
(1360, '{"userId":-1}'),
(1361, '{"userId":-1}'),
(1362, '{"userId":-1}'),
(1363, '{"userId":-1}'),
(1364, '{"userId":-1}'),
(1365, '{"userId":-1}'),
(1366, '{"userId":-1}'),
(1367, '{"userId":-1}'),
(1368, '{"userId":-1}'),
(1369, '{"userId":-1}'),
(1370, '{"userId":-1}'),
(1371, '{"userId":-1}'),
(1372, '{"userId":-1}'),
(1373, '{"userId":-1}'),
(1374, '{"userId":-1}'),
(1375, '{"userId":-1}'),
(1376, '{"userId":-1}'),
(1377, '{"userId":-1}'),
(1378, '{"userId":-1}'),
(1379, '{"userId":-1}'),
(1380, '{"userId":-1}'),
(1381, '{"userId":-1}'),
(1382, '{"userId":-1}'),
(1383, '{"userId":-1}'),
(1384, '{"userId":-1}'),
(1385, '{"userId":-1}'),
(1386, '{"userId":-1}'),
(1387, '{"userId":-1}'),
(1388, '{"userId":-1}'),
(1389, '{"userId":-1}'),
(1390, '{"userId":-1}'),
(1391, '{"userId":-1}'),
(1392, '{"userId":-1}'),
(1393, '{"userId":-1}'),
(1394, '{"userId":-1}'),
(1395, '{"userId":-1}'),
(1396, '{"userId":-1}'),
(1397, '{"userId":-1}'),
(1398, '{"userId":-1}'),
(1399, '{"userId":-1}'),
(1400, '{"userId":-1}'),
(1401, '{"userId":-1}'),
(1402, '{"userId":-1}'),
(1403, '{"userId":-1}'),
(1404, '{"userId":-1}'),
(1405, '{"userId":-1}'),
(1406, '{"userId":-1}'),
(1407, '{"userId":-1}'),
(1408, '{"userId":-1}'),
(1409, '{"userId":-1}'),
(1410, '{"userId":-1}'),
(1411, '{"userId":-1}'),
(1412, '{"userId":-1}'),
(1413, '{"userId":-1}'),
(1414, '{"userId":-1}'),
(1415, '{"userId":-1}'),
(1416, '{"userId":-1}'),
(1417, '{"userId":-1}'),
(1418, '{"userId":-1}'),
(1419, '{"userId":-1}'),
(1420, '{"userId":-1}'),
(1421, '{"userId":-1}'),
(1422, '{"userId":-1}'),
(1423, '{"userId":-1}'),
(1424, '{"userId":-1}'),
(1425, '{"userId":-1}'),
(1426, '{"userId":-1}'),
(1427, '{"userId":-1}'),
(1428, '{"userId":-1}'),
(1429, '{"userId":-1}'),
(1430, '{"userId":-1}'),
(1431, '{"userId":-1}'),
(1432, '{"userId":-1}'),
(1433, '{"userId":-1}'),
(1434, '{"userId":-1}'),
(1435, '{"userId":-1}'),
(1436, '{"userId":-1}'),
(1437, '{"userId":-1}'),
(1438, '{"userId":-1}'),
(1439, '{"userId":-1}'),
(1440, '{"userId":-1}'),
(1441, '{"userId":-1}'),
(1442, '{"userId":-1}'),
(1443, '{"userId":-1}'),
(1444, '{"userId":-1}'),
(1445, '{"userId":-1}'),
(1446, '{"userId":-1}'),
(1447, '{"userId":-1}'),
(1448, '{"userId":-1}'),
(1449, '{"userId":-1}'),
(1450, '{"userId":-1}'),
(1451, '{"userId":-1}'),
(1452, '{"userId":-1}'),
(1453, '{"userId":-1}'),
(1454, '{"userId":-1}'),
(1455, '{"userId":-1}'),
(1456, '{"userId":-1}'),
(1457, '{"userId":-1}'),
(1458, '{"userId":-1}'),
(1459, '{"userId":-1}'),
(1460, '{"userId":-1}'),
(1461, '{"userId":-1}'),
(1462, '{"userId":-1}'),
(1463, '{"userId":-1}'),
(1464, '{"userId":-1}'),
(1465, '{"userId":-1}'),
(1466, '{"userId":-1}'),
(1467, '{"userId":-1}'),
(1468, '{"userId":-1}'),
(1469, '{"userId":-1}'),
(1470, '{"userId":-1}'),
(1471, '{"userId":-1}'),
(1472, '{"userId":-1}'),
(1473, '{"userId":-1}'),
(1474, '{"userId":-1}'),
(1475, '{"userId":-1}'),
(1476, '{"userId":-1}'),
(1477, '{"userId":-1}'),
(1478, '{"userId":-1}'),
(1479, '{"userId":-1}'),
(1480, '{"userId":-1}'),
(1481, '{"userId":-1}'),
(1482, '{"userId":-1}'),
(1483, '{"userId":-1}'),
(1484, '{"userId":-1}'),
(1485, '{"userId":-1}'),
(1486, '{"userId":-1}'),
(1487, '{"userId":-1}'),
(1488, '{"userId":-1}'),
(1489, '{"userId":-1}'),
(1490, '{"userId":-1}'),
(1491, '{"userId":-1}'),
(1492, '{"userId":-1}'),
(1493, '{"userId":-1}'),
(1494, '{"userId":-1}'),
(1495, '{"userId":-1}'),
(1496, '{"userId":-1}'),
(1497, '{"userId":-1}'),
(1498, '{"userId":-1}'),
(1499, '{"userId":-1}'),
(1500, '{"userId":-1}'),
(1501, '{"userId":-1}'),
(1502, '{"userId":-1}'),
(1503, '{"userId":-1}'),
(1504, '{"userId":-1}'),
(1505, '{"userId":-1}'),
(1506, '{"userId":-1}'),
(1507, '{"userId":-1}'),
(1508, '{"userId":-1}'),
(1509, '{"userId":-1}'),
(1510, '{"userId":-1}'),
(1511, '{"userId":-1}'),
(1512, '{"userId":-1}'),
(1513, '{"userId":-1}'),
(1514, '{"userId":-1}'),
(1515, '{"userId":-1}'),
(1516, '{"userId":-1}'),
(1517, '{"userId":-1}'),
(1518, '{"userId":-1}'),
(1519, '{"userId":-1}'),
(1520, '{"userId":-1}'),
(1521, '{"userId":-1}'),
(1522, '{"userId":-1}'),
(1523, '{"userId":-1}'),
(1524, '{"userId":-1}'),
(1525, '{"userId":-1}'),
(1526, '{"userId":-1}'),
(1527, '{"userId":-1}'),
(1528, '{"userId":-1}'),
(1529, '{"userId":-1}'),
(1530, '{"userId":-1}'),
(1531, '{"userId":-1}'),
(1532, '{"userId":-1}'),
(1533, '{"userId":-1}'),
(1534, '{"userId":-1}'),
(1535, '{"userId":-1}'),
(1536, '{"userId":-1}'),
(1537, '{"userId":-1}'),
(1538, '{"userId":-1}'),
(1539, '{"userId":-1}'),
(1540, '{"userId":-1}'),
(1541, '{"userId":-1}'),
(1542, '{"userId":-1}'),
(1543, '{"userId":-1}'),
(1544, '{"userId":-1}'),
(1545, '{"userId":-1}'),
(1546, '{"userId":-1}'),
(1547, '{"userId":-1}'),
(1548, '{"userId":-1}'),
(1549, '{"userId":-1}'),
(1550, '{"userId":-1}'),
(1551, '{"userId":-1}'),
(1552, '{"userId":-1}'),
(1553, '{"userId":-1}'),
(1554, '{"userId":-1}'),
(1555, '{"userId":-1}'),
(1556, '{"userId":-1}'),
(1557, '{"userId":-1}'),
(1558, '{"userId":-1}'),
(1559, '{"userId":-1}'),
(1560, '{"userId":-1}'),
(1561, '{"userId":-1}'),
(1562, '{"userId":-1}'),
(1563, '{"userId":-1}'),
(1564, '{"userId":-1}'),
(1565, '{"userId":-1}'),
(1566, '{"userId":-1}'),
(1567, '{"userId":-1}'),
(1568, '{"userId":-1}'),
(1569, '{"userId":-1}'),
(1570, '{"userId":-1}'),
(1571, '{"userId":-1}'),
(1572, '{"userId":-1}'),
(1573, '{"userId":-1}'),
(1574, '{"userId":-1}'),
(1575, '{"userId":-1}'),
(1576, '{"userId":-1}'),
(1577, '{"userId":-1}'),
(1578, '{"userId":-1}'),
(1579, '{"userId":-1}'),
(1580, '{"userId":-1}'),
(1581, '{"userId":-1}'),
(1582, '{"userId":-1}'),
(1583, '{"userId":-1}'),
(1584, '{"userId":-1}'),
(1585, '{"userId":-1}'),
(1586, '{"userId":-1}'),
(1587, '{"userId":-1}'),
(1588, '{"userId":-1}'),
(1589, '{"userId":-1}'),
(1590, '{"userId":-1}'),
(1591, '{"userId":-1}'),
(1592, '{"userId":-1}'),
(1593, '{"userId":-1}'),
(1594, '{"userId":-1}'),
(1595, '{"userId":-1}'),
(1596, '{"userId":-1}'),
(1597, '{"userId":-1}'),
(1598, '{"userId":-1}'),
(1599, '{"userId":-1}'),
(1600, '{"userId":-1}'),
(1601, '{"userId":-1}'),
(1602, '{"userId":-1}'),
(1603, '{"userId":-1}'),
(1604, '{"userId":-1}'),
(1605, '{"userId":-1}'),
(1606, '{"userId":-1}'),
(1607, '{"userId":-1}'),
(1608, '{"userId":-1}'),
(1609, '{"userId":-1}'),
(1610, '{"userId":-1}'),
(1611, '{"userId":-1}'),
(1612, '{"userId":-1}'),
(1613, '{"userId":-1}'),
(1614, '{"userId":-1}'),
(1615, '{"userId":-1}'),
(1616, '{"userId":-1}'),
(1617, '{"userId":-1}'),
(1618, '{"userId":-1}'),
(1619, '{"userId":-1}'),
(1620, '{"userId":-1}'),
(1621, '{"userId":-1}'),
(1622, '{"userId":-1}'),
(1623, '{"userId":-1}'),
(1624, '{"userId":-1}'),
(1625, '{"userId":-1}'),
(1626, '{"userId":-1}'),
(1627, '{"userId":-1}'),
(1628, '{"userId":-1}'),
(1629, '{"userId":-1}'),
(1630, '{"userId":-1}'),
(1631, '{"userId":-1}'),
(1632, '{"userId":-1}'),
(1633, '{"userId":-1}'),
(1634, '{"userId":-1}'),
(1635, '{"userId":-1}'),
(1636, '{"userId":-1}'),
(1637, '{"userId":-1}'),
(1638, '{"userId":-1}'),
(1639, '{"userId":-1}'),
(1640, '{"userId":-1}'),
(1641, '{"userId":-1}'),
(1642, '{"userId":-1}'),
(1643, '{"userId":-1}'),
(1644, '{"userId":-1}'),
(1645, '{"userId":-1}'),
(1646, '{"userId":-1}'),
(1647, '{"userId":-1}'),
(1648, '{"userId":-1}'),
(1649, '{"userId":-1}'),
(1650, '{"userId":-1}'),
(1651, '{"userId":-1}'),
(1652, '{"userId":-1}'),
(1653, '{"userId":-1}'),
(1654, '{"userId":-1}'),
(1655, '{"userId":-1}'),
(1656, '{"userId":-1}'),
(1657, '{"userId":-1}'),
(1658, '{"userId":-1}'),
(1659, '{"userId":-1}'),
(1660, '{"userId":-1}'),
(1661, '{"userId":-1}'),
(1662, '{"userId":-1}'),
(1663, '{"userId":-1}'),
(1664, '{"userId":-1}'),
(1665, '{"userId":-1}'),
(1666, '{"userId":-1}'),
(1667, '{"userId":-1}'),
(1668, '{"userId":-1}'),
(1669, '{"userId":-1}'),
(1670, '{"userId":-1}'),
(1671, '{"userId":-1}'),
(1672, '{"userId":-1}'),
(1673, '{"userId":-1}'),
(1674, '{"userId":-1}'),
(1675, '{"userId":-1}'),
(1676, '{"userId":-1}'),
(1677, '{"userId":-1}'),
(1678, '{"userId":-1}'),
(1679, '{"userId":-1}'),
(1680, '{"userId":-1}'),
(1681, '{"userId":-1}'),
(1682, '{"userId":-1}'),
(1683, '{"userId":-1}'),
(1684, '{"userId":-1}'),
(1685, '{"userId":-1}'),
(1686, '{"userId":-1}'),
(1687, '{"userId":-1}'),
(1688, '{"userId":-1}'),
(1689, '{"userId":-1}'),
(1690, '{"userId":-1}'),
(1691, '{"userId":-1}'),
(1692, '{"userId":-1}'),
(1693, '{"userId":-1}'),
(1694, '{"userId":-1}'),
(1695, '{"userId":-1}'),
(1696, '{"userId":-1}'),
(1697, '{"userId":-1}'),
(1698, '{"userId":-1}'),
(1699, '{"userId":-1}'),
(1700, '{"userId":-1}'),
(1701, '{"userId":-1}'),
(1702, '{"userId":-1}'),
(1703, '{"userId":-1}'),
(1704, '{"userId":-1}'),
(1705, '{"userId":-1}'),
(1706, '{"userId":-1}'),
(1707, '{"userId":-1}'),
(1708, '{"userId":-1}'),
(1709, '{"userId":-1}'),
(1710, '{"userId":-1}'),
(1711, '{"userId":-1}'),
(1712, '{"userId":-1}'),
(1713, '{"userId":-1}'),
(1714, '{"userId":-1}'),
(1715, '{"userId":-1}'),
(1716, '{"userId":-1}'),
(1717, '{"userId":-1}'),
(1718, '{"userId":-1}'),
(1719, '{"userId":-1}'),
(1720, '{"userId":-1}'),
(1721, '{"userId":-1}'),
(1722, '{"userId":-1}'),
(1723, '{"userId":-1}'),
(1724, '{"userId":-1}'),
(1725, '{"userId":-1}'),
(1726, '{"userId":-1}'),
(1727, '{"userId":-1}'),
(1728, '{"userId":-1}'),
(1729, '{"userId":-1}'),
(1730, '{"userId":-1}'),
(1731, '{"userId":-1}'),
(1732, '{"userId":-1}'),
(1733, '{"userId":-1}'),
(1734, '{"userId":-1}'),
(1735, '{"userId":-1}'),
(1736, '{"userId":-1}'),
(1737, '{"userId":-1}'),
(1738, '{"userId":-1}'),
(1739, '{"userId":-1}'),
(1740, '{"userId":-1}'),
(1741, '{"userId":-1}'),
(1742, '{"userId":-1}'),
(1743, '{"userId":-1}'),
(1744, '{"userId":-1}'),
(1745, '{"userId":-1}'),
(1746, '{"userId":-1}'),
(1747, '{"userId":-1}'),
(1748, '{"userId":-1}'),
(1749, '{"userId":-1}'),
(1750, '{"userId":-1}'),
(1751, '{"userId":-1}'),
(1752, '{"userId":-1}'),
(1753, '{"userId":-1}'),
(1754, '{"userId":-1}'),
(1755, '{"userId":-1}'),
(1756, '{"userId":-1}'),
(1757, '{"userId":-1}'),
(1758, '{"userId":-1}'),
(1759, '{"userId":-1}'),
(1760, '{"userId":-1}'),
(1761, '{"userId":-1}'),
(1762, '{"userId":-1}'),
(1763, '{"userId":-1}'),
(1764, '{"userId":-1}'),
(1765, '{"userId":-1}'),
(1766, '{"userId":-1}'),
(1767, '{"userId":-1}'),
(1768, '{"userId":-1}'),
(1769, '{"userId":-1}'),
(1770, '{"userId":-1}'),
(1771, '{"userId":-1}'),
(1772, '{"userId":-1}'),
(1773, '{"userId":-1}'),
(1774, '{"userId":-1}'),
(1775, '{"userId":-1}'),
(1776, '{"userId":-1}'),
(1777, '{"userId":-1}'),
(1778, '{"userId":-1}'),
(1779, '{"userId":-1}'),
(1780, '{"userId":-1}'),
(1781, '{"userId":-1}'),
(1782, '{"userId":-1}'),
(1783, '{"userId":-1}'),
(1784, '{"userId":-1}'),
(1785, '{"userId":-1}'),
(1786, '{"userId":-1}'),
(1787, '{"userId":-1}'),
(1788, '{"userId":-1}'),
(1789, '{"userId":-1}'),
(1790, '{"userId":-1}'),
(1791, '{"userId":-1}'),
(1792, '{"userId":-1}'),
(1793, '{"userId":-1}'),
(1794, '{"userId":-1}'),
(1795, '{"userId":-1}'),
(1796, '{"userId":-1}'),
(1797, '{"userId":-1}'),
(1798, '{"userId":-1}'),
(1799, '{"userId":-1}'),
(1800, '{"userId":-1}'),
(1801, '{"userId":-1}'),
(1802, '{"userId":-1}'),
(1803, '{"userId":-1}'),
(1804, '{"userId":-1}'),
(1805, '{"userId":-1}'),
(1806, '{"userId":-1}'),
(1807, '{"userId":-1}'),
(1808, '{"userId":-1}'),
(1809, '{"userId":-1}'),
(1810, '{"userId":-1}'),
(1811, '{"userId":-1}'),
(1812, '{"userId":-1}'),
(1813, '{"userId":-1}'),
(1814, '{"userId":-1}'),
(1815, '{"userId":-1}'),
(1816, '{"userId":-1}'),
(1817, '{"userId":-1}'),
(1818, '{"userId":-1}'),
(1819, '{"userId":-1}'),
(1820, '{"userId":-1}'),
(1821, '{"userId":-1}'),
(1822, '{"userId":-1}'),
(1823, '{"userId":-1}'),
(1824, '{"userId":-1}'),
(1825, '{"userId":-1}'),
(1826, '{"userId":-1}'),
(1827, '{"userId":-1}'),
(1828, '{"userId":-1}'),
(1829, '{"userId":-1}'),
(1830, '{"userId":-1}'),
(1831, '{"userId":-1}'),
(1832, '{"userId":-1}'),
(1833, '{"userId":-1}'),
(1834, '{"userId":-1}'),
(1835, '{"userId":-1}'),
(1836, '{"userId":-1}'),
(1837, '{"userId":-1}'),
(1838, '{"userId":-1}'),
(1839, '{"userId":-1}'),
(1840, '{"userId":-1}'),
(1841, '{"userId":-1}'),
(1842, '{"userId":-1}'),
(1843, '{"userId":-1}'),
(1844, '{"userId":-1}'),
(1845, '{"userId":-1}'),
(1846, '{"userId":-1}'),
(1847, '{"userId":-1}'),
(1848, '{"userId":-1}'),
(1849, '{"userId":-1}'),
(1850, '{"userId":-1}'),
(1851, '{"userId":-1}'),
(1852, '{"userId":-1}'),
(1853, '{"userId":-1}'),
(1854, '{"userId":-1}'),
(1855, '{"userId":-1}'),
(1856, '{"userId":-1}'),
(1857, '{"userId":-1}'),
(1858, '{"userId":-1}'),
(1859, '{"userId":-1}'),
(1860, '{"userId":-1}'),
(1861, '{"userId":-1}'),
(1862, '{"userId":-1}'),
(1863, '{"userId":-1}'),
(1864, '{"userId":-1}'),
(1865, '{"userId":-1}'),
(1866, '{"userId":-1}'),
(1867, '{"userId":-1}'),
(1868, '{"userId":-1}'),
(1869, '{"userId":-1}'),
(1870, '{"userId":-1}'),
(1871, '{"userId":-1}'),
(1872, '{"userId":-1}'),
(1873, '{"userId":-1}'),
(1874, '{"userId":-1}'),
(1875, '{"userId":-1}'),
(1876, '{"userId":-1}'),
(1877, '{"userId":-1}'),
(1878, '{"userId":-1}'),
(1879, '{"userId":-1}'),
(1880, '{"userId":-1}'),
(1881, '{"userId":-1}'),
(1882, '{"userId":-1}'),
(1883, '{"userId":-1}'),
(1884, '{"userId":-1}'),
(1885, '{"userId":-1}'),
(1886, '{"userId":-1}'),
(1887, '{"userId":-1}'),
(1888, '{"userId":-1}'),
(1889, '{"userId":-1}'),
(1890, '{"userId":-1}'),
(1891, '{"userId":-1}'),
(1892, '{"userId":-1}'),
(1893, '{"userId":-1}'),
(1894, '{"userId":-1}'),
(1895, '{"userId":-1}'),
(1896, '{"userId":-1}'),
(1897, '{"userId":-1}'),
(1898, '{"userId":-1}'),
(1899, '{"userId":-1}'),
(1900, '{"userId":-1}'),
(1901, '{"userId":-1}'),
(1902, '{"userId":-1}'),
(1903, '{"userId":-1}'),
(1904, '{"userId":-1}'),
(1905, '{"userId":-1}'),
(1906, '{"userId":-1}'),
(1907, '{"userId":-1}'),
(1908, '{"userId":-1}'),
(1909, '{"userId":-1}'),
(1910, '{"userId":-1}'),
(1911, '{"userId":-1}'),
(1912, '{"userId":-1}'),
(1913, '{"userId":-1}'),
(1914, '{"userId":-1}'),
(1915, '{"userId":-1}'),
(1916, '{"userId":-1}'),
(1917, '{"userId":-1}'),
(1918, '{"userId":-1}'),
(1919, '{"userId":-1}'),
(1920, '{"userId":-1}'),
(1921, '{"userId":-1}'),
(1922, '{"userId":-1}'),
(1923, '{"userId":-1}'),
(1924, '{"userId":-1}'),
(1925, '{"userId":-1}'),
(1926, '{"userId":-1}'),
(1927, '{"userId":-1}'),
(1928, '{"userId":-1}'),
(1929, '{"userId":-1}'),
(1930, '{"userId":-1}'),
(1931, '{"userId":-1}'),
(1932, '{"userId":-1}'),
(1933, '{"userId":-1}'),
(1934, '{"userId":-1}'),
(1935, '{"userId":-1}'),
(1936, '{"userId":-1}'),
(1937, '{"userId":-1}'),
(1938, '{"userId":-1}'),
(1939, '{"userId":-1}'),
(1940, '{"userId":-1}'),
(1941, '{"userId":-1}'),
(1942, '{"userId":-1}'),
(1943, '{"userId":-1}'),
(1944, '{"userId":-1}'),
(1945, '{"userId":-1}'),
(1946, '{"userId":-1}'),
(1947, '{"userId":-1}'),
(1948, '{"userId":-1}'),
(1949, '{"userId":-1}'),
(1950, '{"userId":-1}'),
(1951, '{"userId":-1}'),
(1952, '{"userId":-1}'),
(1953, '{"userId":-1}'),
(1954, '{"userId":-1}'),
(1955, '{"userId":-1}'),
(1956, '{"userId":-1}'),
(1957, '{"userId":-1}'),
(1958, '{"userId":-1}'),
(1959, '{"userId":-1}'),
(1960, '{"userId":-1}'),
(1961, '{"userId":-1}'),
(1962, '{"userId":-1}'),
(1963, '{"userId":-1}'),
(1964, '{"userId":-1}'),
(1965, '{"userId":-1}'),
(1966, '{"userId":-1}'),
(1967, '{"userId":-1}'),
(1968, '{"userId":-1}'),
(1969, '{"userId":-1}'),
(1970, '{"userId":-1}'),
(1971, '{"userId":-1}'),
(1972, '{"userId":-1}'),
(1973, '{"userId":-1}'),
(1974, '{"userId":-1}'),
(1975, '{"userId":-1}'),
(1976, '{"userId":-1}'),
(1977, '{"userId":-1}'),
(1978, '{"userId":-1}'),
(1979, '{"userId":-1}'),
(1980, '{"userId":-1}'),
(1981, '{"userId":-1}'),
(1982, '{"userId":-1}'),
(1983, '{"userId":-1}'),
(1984, '{"userId":-1}'),
(1985, '{"userId":-1}'),
(1986, '{"userId":-1}'),
(1987, '{"userId":-1}'),
(1988, '{"userId":-1}'),
(1989, '{"userId":-1}'),
(1990, '{"userId":-1}'),
(1991, '{"userId":-1}'),
(1992, '{"userId":-1}'),
(1993, '{"userId":-1}'),
(1994, '{"userId":-1}'),
(1995, '{"userId":-1}'),
(1996, '{"userId":-1}'),
(1997, '{"userId":-1}'),
(1998, '{"userId":-1}'),
(1999, '{"userId":-1}'),
(2000, '{"userId":-1}'),
(2001, '{"userId":-1}'),
(2002, '{"userId":-1}'),
(2003, '{"userId":-1}'),
(2004, '{"userId":-1}'),
(2005, '{"userId":-1}'),
(2006, '{"userId":-1}'),
(2007, '{"userId":-1}'),
(2008, '{"userId":-1}'),
(2009, '{"userId":-1}'),
(2010, '{"userId":-1}'),
(2011, '{"userId":-1}'),
(2012, '{"userId":-1}'),
(2013, '{"userId":-1}'),
(2014, '{"userId":-1}'),
(2015, '{"userId":-1}'),
(2016, '{"userId":-1}'),
(2017, '{"userId":-1}'),
(2018, '{"userId":-1}'),
(2019, '{"userId":-1}'),
(2020, '{"userId":-1}'),
(2021, '{"userId":-1}'),
(2022, '{"userId":-1}'),
(2023, '{"userId":-1}'),
(2024, '{"userId":-1}'),
(2025, '{"userId":-1}'),
(2026, '{"userId":-1}'),
(2027, '{"userId":-1}'),
(2028, '{"userId":-1}'),
(2029, '{"userId":-1}'),
(2030, '{"userId":-1}'),
(2031, '{"userId":-1}'),
(2032, '{"userId":-1}'),
(2033, '{"userId":-1}'),
(2034, '{"userId":-1}'),
(2035, '{"userId":-1}'),
(2036, '{"userId":-1}'),
(2037, '{"userId":-1}'),
(2038, '{"userId":-1}'),
(2039, '{"userId":-1}'),
(2040, '{"userId":-1}'),
(2041, '{"userId":-1}'),
(2042, '{"userId":-1}'),
(2043, '{"userId":-1}'),
(2044, '{"userId":-1}'),
(2045, '{"userId":-1}'),
(2046, '{"userId":-1}'),
(2047, '{"userId":-1}'),
(2048, '{"userId":-1}'),
(2049, '{"userId":-1}'),
(2050, '{"userId":-1}'),
(2051, '{"userId":-1}'),
(2052, '{"userId":-1}'),
(2053, '{"userId":-1}'),
(2054, '{"userId":-1}'),
(2055, '{"userId":-1}'),
(2056, '{"userId":-1}'),
(2057, '{"userId":-1}'),
(2058, '{"userId":-1}'),
(2059, '{"userId":-1}'),
(2060, '{"userId":-1}'),
(2061, '{"userId":-1}'),
(2062, '{"userId":-1}'),
(2063, '{"userId":-1}'),
(2064, '{"userId":-1}'),
(2065, '{"userId":-1}'),
(2066, '{"userId":-1}'),
(2067, '{"userId":-1}'),
(2068, '{"userId":-1}'),
(2069, '{"userId":-1}'),
(2070, '{"userId":-1}'),
(2071, '{"userId":-1}'),
(2072, '{"userId":-1}'),
(2073, '{"userId":-1}'),
(2074, '{"userId":-1}'),
(2075, '{"userId":-1}'),
(2076, '{"userId":-1}'),
(2077, '{"userId":-1}'),
(2078, '{"userId":-1}'),
(2079, '{"userId":-1}'),
(2080, '{"userId":-1}'),
(2081, '{"userId":-1}'),
(2082, '{"userId":-1}'),
(2083, '{"userId":-1}'),
(2084, '{"userId":-1}'),
(2085, '{"userId":-1}'),
(2086, '{"userId":-1}'),
(2087, '{"userId":-1}'),
(2088, '{"userId":-1}'),
(2089, '{"userId":-1}'),
(2090, '{"userId":-1}'),
(2091, '{"userId":-1}'),
(2092, '{"userId":-1}'),
(2093, '{"userId":-1}'),
(2094, '{"userId":-1}'),
(2095, '{"userId":-1}'),
(2096, '{"userId":-1}'),
(2097, '{"userId":-1}'),
(2098, '{"userId":-1}'),
(2099, '{"userId":-1}'),
(2100, '{"userId":-1}'),
(2101, '{"userId":-1}'),
(2102, '{"userId":-1}'),
(2103, '{"userId":-1}'),
(2104, '{"userId":-1}'),
(2105, '{"userId":-1}'),
(2106, '{"userId":-1}'),
(2107, '{"userId":-1}'),
(2108, '{"userId":-1}'),
(2109, '{"userId":-1}'),
(2110, '{"userId":-1}'),
(2111, '{"userId":-1}'),
(2112, '{"userId":-1}'),
(2113, '{"userId":-1}'),
(2114, '{"userId":-1}'),
(2115, '{"userId":-1}'),
(2116, '{"userId":-1}'),
(2117, '{"userId":-1}'),
(2118, '{"userId":-1}'),
(2119, '{"userId":-1}'),
(2120, '{"userId":-1}'),
(2121, '{"userId":-1}'),
(2122, '{"userId":-1}'),
(2123, '{"userId":-1}'),
(2124, '{"userId":-1}'),
(2125, '{"userId":-1}'),
(2126, '{"userId":-1}'),
(2127, '{"userId":-1}'),
(2128, '{"userId":-1}'),
(2129, '{"userId":-1}'),
(2130, '{"userId":-1}'),
(2131, '{"userId":-1}'),
(2132, '{"userId":-1}'),
(2133, '{"userId":-1}'),
(2134, '{"userId":-1}'),
(2135, '{"userId":-1}'),
(2136, '{"userId":-1}'),
(2137, '{"userId":-1}'),
(2138, '{"userId":-1}'),
(2139, '{"userId":-1}'),
(2140, '{"userId":-1}'),
(2141, '{"userId":-1}'),
(2142, '{"userId":-1}'),
(2143, '{"userId":-1}'),
(2144, '{"userId":-1}'),
(2145, '{"userId":-1}'),
(2146, '{"userId":-1}'),
(2147, '{"userId":-1}'),
(2148, '{"userId":-1}'),
(2149, '{"userId":-1}'),
(2150, '{"userId":-1}'),
(2151, '{"userId":-1}'),
(2152, '{"userId":-1}'),
(2153, '{"userId":-1}'),
(2154, '{"userId":-1}'),
(2155, '{"userId":-1}'),
(2156, '{"userId":-1}'),
(2157, '{"userId":-1}'),
(2158, '{"userId":-1}'),
(2159, '{"userId":-1}'),
(2160, '{"userId":-1}'),
(2161, '{"userId":-1}'),
(2162, '{"userId":-1}'),
(2163, '{"userId":-1}'),
(2164, '{"userId":-1}'),
(2165, '{"userId":-1}'),
(2166, '{"userId":-1}'),
(2167, '{"userId":-1}'),
(2168, '{"userId":-1}'),
(2169, '{"userId":-1}'),
(2170, '{"userId":-1}'),
(2171, '{"userId":-1}'),
(2172, '{"userId":-1}'),
(2173, '{"userId":-1}'),
(2174, '{"userId":-1}'),
(2175, '{"userId":-1}'),
(2176, '{"userId":-1}'),
(2177, '{"userId":-1}'),
(2178, '{"userId":-1}'),
(2179, '{"userId":-1}'),
(2180, '{"userId":-1}'),
(2181, '{"userId":-1}'),
(2182, '{"userId":-1}'),
(2183, '{"userId":-1}'),
(2184, '{"userId":-1}'),
(2185, '{"userId":-1}'),
(2186, '{"userId":-1}'),
(2187, '{"userId":-1}'),
(2188, '{"userId":-1}'),
(2189, '{"userId":-1}'),
(2190, '{"userId":-1}'),
(2191, '{"userId":-1}'),
(2192, '{"userId":-1}'),
(2193, '{"userId":-1}'),
(2194, '{"userId":-1}'),
(2195, '{"userId":-1}'),
(2196, '{"userId":-1}'),
(2197, '{"userId":-1}'),
(2198, '{"userId":-1}'),
(2199, '{"userId":-1}'),
(2200, '{"userId":-1}'),
(2201, '{"userId":-1}'),
(2202, '{"userId":-1}'),
(2203, '{"userId":-1}'),
(2204, '{"userId":-1}'),
(2205, '{"userId":-1}'),
(2206, '{"userId":-1}'),
(2207, '{"userId":-1}'),
(2208, '{"userId":-1}'),
(2209, '{"userId":-1}'),
(2210, '{"userId":-1}'),
(2211, '{"userId":-1}'),
(2212, '{"userId":-1}'),
(2213, '{"userId":-1}'),
(2214, '{"userId":-1}'),
(2215, '{"userId":-1}'),
(2216, '{"userId":-1}'),
(2217, '{"userId":-1}'),
(2218, '{"userId":-1}'),
(2219, '{"userId":-1}');
INSERT INTO `session` (`id`, `data`) VALUES
(2220, '{"userId":-1}'),
(2221, '{"userId":-1}'),
(2222, '{"userId":-1}'),
(2223, '{"userId":-1}'),
(2224, '{"userId":-1}'),
(2225, '{"userId":-1}'),
(2226, '{"userId":-1}'),
(2227, '{"userId":-1}'),
(2228, '{"userId":-1}'),
(2229, '{"userId":-1}'),
(2230, '{"userId":-1}'),
(2231, '{"userId":-1}'),
(2232, '{"userId":-1}'),
(2233, '{"userId":-1}'),
(2234, '{"userId":-1}'),
(2235, '{"userId":-1}'),
(2236, '{"userId":-1}'),
(2237, '{"userId":-1}'),
(2238, '{"userId":-1}'),
(2239, '{"userId":-1}'),
(2240, '{"userId":-1}'),
(2241, '{"userId":-1}'),
(2242, '{"userId":-1}'),
(2243, '{"userId":-1}'),
(2244, '{"userId":-1}'),
(2245, '{"userId":-1}'),
(2246, '{"userId":-1}'),
(2247, '{"userId":-1}'),
(2248, '{"userId":-1}'),
(2249, '{"userId":-1}'),
(2250, '{"userId":-1}'),
(2251, '{"userId":-1}'),
(2252, '{"userId":-1}'),
(2253, '{"userId":-1}'),
(2254, '{"userId":-1}'),
(2255, '{"userId":-1}'),
(2256, '{"userId":-1}'),
(2257, '{"userId":-1}'),
(2258, '{"userId":-1}'),
(2259, '{"userId":-1}'),
(2260, '{"userId":-1}'),
(2261, '{"userId":-1}'),
(2262, '{"userId":-1}'),
(2263, '{"userId":-1}'),
(2264, '{"userId":-1}'),
(2265, '{"userId":-1}'),
(2266, '{"userId":-1}'),
(2267, '{"userId":-1}'),
(2268, '{"userId":-1}'),
(2269, '{"userId":-1}'),
(2270, '{"userId":-1}'),
(2271, '{"userId":-1}'),
(2272, '{"userId":-1}'),
(2273, '{"userId":-1}'),
(2274, '{"userId":-1}'),
(2275, '{"userId":-1}'),
(2276, '{"userId":-1}'),
(2277, '{"userId":-1}'),
(2278, '{"userId":-1}'),
(2279, '{"userId":-1}'),
(2280, '{"userId":-1}'),
(2281, '{"userId":-1}'),
(2282, '{"userId":-1}'),
(2283, '{"userId":-1}'),
(2284, '{"userId":-1}'),
(2285, '{"userId":-1}'),
(2286, '{"userId":-1}'),
(2287, '{"userId":-1}'),
(2288, '{"userId":-1}'),
(2289, '{"userId":-1}'),
(2290, '{"userId":-1}'),
(2291, '{"userId":-1}'),
(2292, '{"userId":-1}'),
(2293, '{"userId":-1}'),
(2294, '{"userId":-1}'),
(2295, '{"userId":-1}'),
(2296, '{"userId":-1}'),
(2297, '{"userId":-1}'),
(2298, '{"userId":-1}'),
(2299, '{"userId":-1}'),
(2300, '{"userId":-1}'),
(2301, '{"userId":-1}'),
(2302, '{"userId":-1}'),
(2303, '{"userId":-1}'),
(2304, '{"userId":-1}'),
(2305, '{"userId":-1}'),
(2306, '{"userId":-1}'),
(2307, '{"userId":-1}'),
(2308, '{"userId":-1}'),
(2309, '{"userId":-1}'),
(2310, '{"userId":-1}'),
(2311, '{"userId":-1}'),
(2312, '{"userId":-1}'),
(2313, '{"userId":-1}'),
(2314, '{"userId":-1}'),
(2315, '{"userId":-1}'),
(2316, '{"userId":-1}'),
(2317, '{"userId":-1}'),
(2318, '{"userId":-1}'),
(2319, '{"userId":-1}'),
(2320, '{"userId":-1}'),
(2321, '{"userId":-1}'),
(2322, '{"userId":-1}'),
(2323, '{"userId":-1}'),
(2324, '{"userId":-1}'),
(2325, '{"userId":-1}'),
(2326, '{"userId":-1}'),
(2327, '{"userId":-1}'),
(2328, '{"userId":-1}'),
(2329, '{"userId":-1}'),
(2330, '{"userId":-1}'),
(2331, '{"userId":-1}'),
(2332, '{"userId":-1}'),
(2333, '{"userId":-1}'),
(2334, '{"userId":-1}'),
(2335, '{"userId":-1}'),
(2336, '{"userId":-1}'),
(2337, '{"userId":-1}'),
(2338, '{"userId":-1}'),
(2339, '{"userId":-1}'),
(2340, '{"userId":-1}'),
(2341, '{"userId":-1}'),
(2342, '{"userId":-1}'),
(2343, '{"userId":-1}'),
(2344, '{"userId":-1}'),
(2345, '{"userId":-1}'),
(2346, '{"userId":-1}'),
(2347, '{"userId":-1}'),
(2348, '{"userId":-1}'),
(2349, '{"userId":-1}'),
(2350, '{"userId":-1}'),
(2351, '{"userId":-1}'),
(2352, '{"userId":-1}'),
(2353, '{"userId":-1}'),
(2354, '{"userId":-1}'),
(2355, '{"userId":-1}'),
(2356, '{"userId":-1}'),
(2357, '{"userId":-1}'),
(2358, '{"userId":-1}'),
(2359, '{"userId":-1}'),
(2360, '{"userId":-1}'),
(2361, '{"userId":-1}'),
(2362, '{"userId":-1}'),
(2363, '{"userId":-1}'),
(2364, '{"userId":-1}'),
(2365, '{"userId":-1}'),
(2366, '{"userId":-1}'),
(2367, '{"userId":-1}'),
(2368, '{"userId":-1}'),
(2369, '{"userId":-1}'),
(2370, '{"userId":-1}'),
(2371, '{"userId":-1}'),
(2372, '{"userId":-1}'),
(2373, '{"userId":-1}'),
(2374, '{"userId":-1}'),
(2375, '{"userId":-1}'),
(2376, '{"userId":-1}'),
(2377, '{"userId":-1}'),
(2378, '{"userId":-1}'),
(2379, '{"userId":-1}'),
(2380, '{"userId":-1}'),
(2381, '{"userId":-1}'),
(2382, '{"userId":-1}'),
(2383, '{"userId":-1}'),
(2384, '{"userId":-1}'),
(2385, '{"userId":-1}'),
(2386, '{"userId":-1}'),
(2387, '{"userId":-1}'),
(2388, '{"userId":-1}'),
(2389, '{"userId":-1}'),
(2390, '{"userId":-1}'),
(2391, '{"userId":-1}'),
(2392, '{"userId":-1}'),
(2393, '{"userId":-1}'),
(2394, '{"userId":-1}'),
(2395, '{"userId":-1}'),
(2396, '{"userId":-1}'),
(2397, '{"userId":-1}'),
(2398, '{"userId":-1}'),
(2399, '{"userId":-1}'),
(2400, '{"userId":-1}'),
(2401, '{"userId":-1}'),
(2402, '{"userId":-1}'),
(2403, '{"userId":-1}'),
(2404, '{"userId":-1}'),
(2405, '{"userId":-1}'),
(2406, '{"userId":-1}'),
(2407, '{"userId":-1}'),
(2408, '{"userId":-1}'),
(2409, '{"userId":-1}'),
(2410, '{"userId":-1}'),
(2411, '{"userId":-1}'),
(2412, '{"userId":-1}'),
(2413, '{"userId":-1}'),
(2414, '{"userId":-1}'),
(2415, '{"userId":-1}'),
(2416, '{"userId":-1}'),
(2417, '{"userId":-1}'),
(2418, '{"userId":-1}'),
(2419, '{"userId":-1}'),
(2420, '{"userId":-1}'),
(2421, '{"userId":-1}'),
(2422, '{"userId":-1}'),
(2423, '{"userId":-1}'),
(2424, '{"userId":-1}'),
(2425, '{"userId":-1}'),
(2426, '{"userId":-1}'),
(2427, '{"userId":-1}'),
(2428, '{"userId":-1}'),
(2429, '{"userId":-1}'),
(2430, '{"userId":-1}'),
(2431, '{"userId":-1}'),
(2432, '{"userId":-1}'),
(2433, '{"userId":-1}'),
(2434, '{"userId":-1}'),
(2435, '{"userId":-1}'),
(2436, '{"userId":-1}'),
(2437, '{"userId":-1}'),
(2438, '{"userId":-1}'),
(2439, '{"userId":-1}'),
(2440, '{"userId":-1}'),
(2441, '{"userId":-1}'),
(2442, '{"userId":-1}'),
(2443, '{"userId":-1}'),
(2444, '{"userId":-1}'),
(2445, '{"userId":-1}'),
(2446, '{"userId":-1}'),
(2447, '{"userId":-1}'),
(2448, '{"userId":-1}'),
(2449, '{"userId":-1}'),
(2450, '{"userId":-1}'),
(2451, '{"userId":-1}'),
(2452, '{"userId":-1}'),
(2453, '{"userId":-1}'),
(2454, '{"userId":-1}'),
(2455, '{"userId":-1}'),
(2456, '{"userId":-1}'),
(2457, '{"userId":-1}'),
(2458, '{"userId":-1}'),
(2459, '{"userId":-1}'),
(2460, '{"userId":-1}'),
(2461, '{"userId":-1}'),
(2462, '{"userId":-1}'),
(2463, '{"userId":-1}'),
(2464, '{"userId":-1}'),
(2465, '{"userId":-1}'),
(2466, '{"userId":-1}'),
(2467, '{"userId":-1}'),
(2468, '{"userId":-1}'),
(2469, '{"userId":-1}'),
(2470, '{"userId":-1}'),
(2471, '{"userId":-1}'),
(2472, '{"userId":-1}'),
(2473, '{"userId":-1}'),
(2474, '{"userId":-1}'),
(2475, '{"userId":-1}'),
(2476, '{"userId":-1}'),
(2477, '{"userId":-1}'),
(2478, '{"userId":-1}'),
(2479, '{"userId":-1}'),
(2480, '{"userId":-1}'),
(2481, '{"userId":-1}'),
(2482, '{"userId":-1}'),
(2483, '{"userId":-1}'),
(2484, '{"userId":-1}'),
(2485, '{"userId":-1}'),
(2486, '{"userId":-1}'),
(2487, '{"userId":-1}'),
(2488, '{"userId":-1}'),
(2489, '{"userId":-1}'),
(2490, '{"userId":-1}'),
(2491, '{"userId":-1}'),
(2492, '{"userId":-1}'),
(2493, '{"userId":-1}'),
(2494, '{"userId":-1}'),
(2495, '{"userId":-1}'),
(2496, '{"userId":-1}'),
(2497, '{"userId":-1}'),
(2498, '{"userId":-1}'),
(2499, '{"userId":-1}'),
(2500, '{"userId":-1}'),
(2501, '{"userId":-1}'),
(2502, '{"userId":-1}'),
(2503, '{"userId":-1}'),
(2504, '{"userId":-1}'),
(2505, '{"userId":-1}'),
(2506, '{"userId":-1}'),
(2507, '{"userId":-1}'),
(2508, '{"userId":-1}'),
(2509, '{"userId":-1}'),
(2510, '{"userId":-1}'),
(2511, '{"userId":-1}'),
(2512, '{"userId":-1}'),
(2513, '{"userId":-1}'),
(2514, '{"userId":-1}'),
(2515, '{"userId":-1}'),
(2516, '{"userId":-1}'),
(2517, '{"userId":-1}'),
(2518, '{"userId":-1}'),
(2519, '{"userId":-1}'),
(2520, '{"userId":-1}'),
(2521, '{"userId":-1}'),
(2522, '{"userId":-1}'),
(2523, '{"userId":-1}'),
(2524, '{"userId":-1}'),
(2525, '{"userId":-1}'),
(2526, '{"userId":-1}'),
(2527, '{"userId":-1}'),
(2528, '{"userId":-1}'),
(2529, '{"userId":-1}'),
(2530, '{"userId":-1}'),
(2531, '{"userId":-1}'),
(2532, '{"userId":-1}'),
(2533, '{"userId":-1}'),
(2534, '{"userId":-1}'),
(2535, '{"userId":-1}'),
(2536, '{"userId":-1}'),
(2537, '{"userId":-1}'),
(2538, '{"userId":-1}'),
(2539, '{"userId":-1}'),
(2540, '{"userId":-1}'),
(2541, '{"userId":-1}'),
(2542, '{"userId":-1}'),
(2543, '{"userId":-1}'),
(2544, '{"userId":-1}'),
(2545, '{"userId":-1}'),
(2546, '{"userId":-1}'),
(2547, '{"userId":-1}'),
(2548, '{"userId":-1}'),
(2549, '{"userId":-1}'),
(2550, '{"userId":-1}'),
(2551, '{"userId":-1}'),
(2552, '{"userId":-1}'),
(2553, '{"userId":-1}'),
(2554, '{"userId":-1}'),
(2555, '{"userId":-1}'),
(2556, '{"userId":-1}'),
(2557, '{"userId":-1}'),
(2558, '{"userId":-1}'),
(2559, '{"userId":-1}'),
(2560, '{"userId":-1}'),
(2561, '{"userId":-1}'),
(2562, '{"userId":-1}'),
(2563, '{"userId":-1}'),
(2564, '{"userId":-1}'),
(2565, '{"userId":-1}'),
(2566, '{"userId":-1}'),
(2567, '{"userId":-1}'),
(2568, '{"userId":-1}'),
(2569, '{"userId":-1}'),
(2570, '{"userId":-1}'),
(2571, '{"userId":-1}'),
(2572, '{"userId":-1}'),
(2573, '{"userId":-1}'),
(2574, '{"userId":-1}'),
(2575, '{"userId":-1}'),
(2576, '{"userId":-1}'),
(2577, '{"userId":-1}'),
(2578, '{"userId":-1}'),
(2579, '{"userId":-1}'),
(2580, '{"userId":-1}'),
(2581, '{"userId":-1}'),
(2582, '{"userId":-1}'),
(2583, '{"userId":-1}'),
(2584, '{"userId":-1}'),
(2585, '{"userId":-1}'),
(2586, '{"userId":-1}'),
(2587, '{"userId":-1}'),
(2588, '{"userId":-1}'),
(2589, '{"userId":-1}'),
(2590, '{"userId":-1}'),
(2591, '{"userId":-1}'),
(2592, '{"userId":-1}'),
(2593, '{"userId":-1}'),
(2594, '{"userId":-1}'),
(2595, '{"userId":-1}'),
(2596, '{"userId":-1}'),
(2597, '{"userId":-1}'),
(2598, '{"userId":-1}'),
(2599, '{"userId":-1}'),
(2600, '{"userId":-1}'),
(2601, '{"userId":-1}'),
(2602, '{"userId":-1}'),
(2603, '{"userId":-1}'),
(2604, '{"userId":-1}'),
(2605, '{"userId":-1}'),
(2606, '{"userId":-1}'),
(2607, '{"userId":-1}'),
(2608, '{"userId":-1}'),
(2609, '{"userId":-1}'),
(2610, '{"userId":-1}'),
(2611, '{"userId":-1}'),
(2612, '{"userId":-1}'),
(2613, '{"userId":-1}'),
(2614, '{"userId":-1}'),
(2615, '{"userId":-1}'),
(2616, '{"userId":-1}'),
(2617, '{"userId":-1}'),
(2618, '{"userId":-1}'),
(2619, '{"userId":-1}'),
(2620, '{"userId":-1}'),
(2621, '{"userId":-1}'),
(2622, '{"userId":-1}'),
(2623, '{"userId":-1}'),
(2624, '{"userId":-1}'),
(2625, '{"userId":-1}'),
(2626, '{"userId":-1}'),
(2627, '{"userId":-1}'),
(2628, '{"userId":-1}'),
(2629, '{"userId":-1}'),
(2630, '{"userId":-1}'),
(2631, '{"userId":-1}'),
(2632, '{"userId":-1}'),
(2633, '{"userId":-1}'),
(2634, '{"userId":-1}'),
(2635, '{"userId":-1}'),
(2636, '{"userId":-1}'),
(2637, '{"userId":-1}'),
(2638, '{"userId":-1}'),
(2639, '{"userId":-1}'),
(2640, '{"userId":-1}'),
(2641, '{"userId":-1}'),
(2642, '{"userId":-1}'),
(2643, '{"userId":-1}'),
(2644, '{"userId":-1}'),
(2645, '{"userId":-1}'),
(2646, '{"userId":-1}'),
(2647, '{"userId":-1}'),
(2648, '{"userId":-1}'),
(2649, '{"userId":-1}'),
(2650, '{"userId":-1}'),
(2651, '{"userId":-1}'),
(2652, '{"userId":-1}'),
(2653, '{"userId":-1}'),
(2654, '{"userId":-1}'),
(2655, '{"userId":-1}'),
(2656, '{"userId":-1}'),
(2657, '{"userId":-1}'),
(2658, '{"userId":-1}'),
(2659, '{"userId":-1}'),
(2660, '{"userId":-1}'),
(2661, '{"userId":-1}'),
(2662, '{"userId":-1}'),
(2663, '{"userId":-1}'),
(2664, '{"userId":-1}'),
(2665, '{"userId":-1}'),
(2666, '{"userId":-1}'),
(2667, '{"userId":-1}'),
(2668, '{"userId":-1}'),
(2669, '{"userId":-1}'),
(2670, '{"userId":-1}'),
(2671, '{"userId":-1}'),
(2672, '{"userId":-1}'),
(2673, '{"userId":-1}'),
(2674, '{"userId":-1}'),
(2675, '{"userId":-1}'),
(2676, '{"userId":-1}'),
(2677, '{"userId":-1}'),
(2678, '{"userId":-1}'),
(2679, '{"userId":-1}'),
(2680, '{"userId":-1}'),
(2681, '{"userId":-1}'),
(2682, '{"userId":-1}'),
(2683, '{"userId":-1}'),
(2684, '{"userId":-1}'),
(2685, '{"userId":-1}'),
(2686, '{"userId":-1}'),
(2687, '{"userId":-1}'),
(2688, '{"userId":-1}'),
(2689, '{"userId":-1}'),
(2690, '{"userId":-1}'),
(2691, '{"userId":-1}'),
(2692, '{"userId":-1}'),
(2693, '{"userId":-1}'),
(2694, '{"userId":-1}'),
(2695, '{"userId":-1}'),
(2696, '{"userId":-1}'),
(2697, '{"userId":-1}'),
(2698, '{"userId":-1}'),
(2699, '{"userId":-1}'),
(2700, '{"userId":-1}'),
(2701, '{"userId":-1}'),
(2702, '{"userId":-1}'),
(2703, '{"userId":-1}'),
(2704, '{"userId":-1}'),
(2705, '{"userId":-1}'),
(2706, '{"userId":-1}'),
(2707, '{"userId":-1}'),
(2708, '{"userId":-1}'),
(2709, '{"userId":-1}'),
(2710, '{"userId":-1}'),
(2711, '{"userId":-1}'),
(2712, '{"userId":-1}'),
(2713, '{"userId":-1}'),
(2714, '{"userId":-1}'),
(2715, '{"userId":-1}'),
(2716, '{"userId":-1}'),
(2717, '{"userId":-1}'),
(2718, '{"userId":-1}'),
(2719, '{"userId":-1}'),
(2720, '{"userId":-1}'),
(2721, '{"userId":-1}'),
(2722, '{"userId":-1}'),
(2723, '{"userId":-1}'),
(2724, '{"userId":-1}'),
(2725, '{"userId":-1}'),
(2726, '{"userId":-1}'),
(2727, '{"userId":-1}'),
(2728, '{"userId":-1}'),
(2729, '{"userId":-1}'),
(2730, '{"userId":-1}'),
(2731, '{"userId":-1}'),
(2732, '{"userId":-1}'),
(2733, '{"userId":-1}'),
(2734, '{"userId":-1}'),
(2735, '{"userId":-1}'),
(2736, '{"userId":-1}'),
(2737, '{"userId":-1}'),
(2738, '{"userId":-1}'),
(2739, '{"userId":-1}'),
(2740, '{"userId":-1}'),
(2741, '{"userId":-1}'),
(2742, '{"userId":-1}'),
(2743, '{"userId":-1}'),
(2744, '{"userId":-1}'),
(2745, '{"userId":-1}'),
(2746, '{"userId":-1}'),
(2747, '{"userId":-1}'),
(2748, '{"userId":-1}'),
(2749, '{"userId":-1}'),
(2750, '{"userId":-1}'),
(2751, '{"userId":-1}'),
(2752, '{"userId":-1}'),
(2753, '{"userId":-1}'),
(2754, '{"userId":-1}'),
(2755, '{"userId":-1}'),
(2756, '{"userId":-1}'),
(2757, '{"userId":-1}'),
(2758, '{"userId":-1}'),
(2759, '{"userId":-1}'),
(2760, '{"userId":-1}'),
(2761, '{"userId":-1}'),
(2762, '{"userId":-1}'),
(2763, '{"userId":-1}'),
(2764, '{"userId":-1}'),
(2765, '{"userId":-1}'),
(2766, '{"userId":-1}'),
(2767, '{"userId":-1}'),
(2768, '{"userId":-1}'),
(2769, '{"userId":-1}'),
(2770, '{"userId":-1}'),
(2771, '{"userId":-1}'),
(2772, '{"userId":-1}'),
(2773, '{"userId":-1}'),
(2774, '{"userId":-1}'),
(2775, '{"userId":-1}'),
(2776, '{"userId":-1}'),
(2777, '{"userId":-1}'),
(2778, '{"userId":-1}'),
(2779, '{"userId":-1}'),
(2780, '{"userId":-1}'),
(2781, '{"userId":-1}'),
(2782, '{"userId":-1}'),
(2783, '{"userId":-1}'),
(2784, '{"userId":-1}'),
(2785, '{"userId":-1}'),
(2786, '{"userId":-1}'),
(2787, '{"userId":-1}'),
(2788, '{"userId":-1}'),
(2789, '{"userId":-1}'),
(2790, '{"userId":-1}'),
(2791, '{"userId":-1}'),
(2792, '{"userId":-1}'),
(2793, '{"userId":-1}'),
(2794, '{"userId":-1}'),
(2795, '{"userId":-1}'),
(2796, '{"userId":-1}'),
(2797, '{"userId":-1}'),
(2798, '{"userId":-1}'),
(2799, '{"userId":-1}'),
(2800, '{"userId":-1}'),
(2801, '{"userId":-1}'),
(2802, '{"userId":-1}'),
(2803, '{"userId":-1}'),
(2804, '{"userId":-1}'),
(2805, '{"userId":-1}'),
(2806, '{"userId":-1}'),
(2807, '{"userId":-1}'),
(2808, '{"userId":-1}'),
(2809, '{"userId":-1}'),
(2810, '{"userId":-1}'),
(2811, '{"userId":-1}'),
(2812, '{"userId":-1}'),
(2813, '{"userId":-1}'),
(2814, '{"userId":-1}'),
(2815, '{"userId":-1}'),
(2816, '{"userId":-1}'),
(2817, '{"userId":-1}'),
(2818, '{"userId":-1}'),
(2819, '{"userId":-1}'),
(2820, '{"userId":-1}'),
(2821, '{"userId":-1}'),
(2822, '{"userId":-1}'),
(2823, '{"userId":-1}'),
(2824, '{"userId":-1}'),
(2825, '{"userId":-1}'),
(2826, '{"userId":-1}'),
(2827, '{"userId":-1}'),
(2828, '{"userId":-1}'),
(2829, '{"userId":-1}'),
(2830, '{"userId":-1}'),
(2831, '{"userId":-1}'),
(2832, '{"userId":-1}'),
(2833, '{"userId":-1}'),
(2834, '{"userId":-1}'),
(2835, '{"userId":-1}'),
(2836, '{"userId":-1}'),
(2837, '{"userId":-1}'),
(2838, '{"userId":-1}'),
(2839, '{"userId":-1}'),
(2840, '{"userId":-1}'),
(2841, '{"userId":-1}'),
(2842, '{"userId":-1}'),
(2843, '{"userId":-1}'),
(2844, '{"userId":-1}'),
(2845, '{"userId":-1}'),
(2846, '{"userId":-1}'),
(2847, '{"userId":-1}'),
(2848, '{"userId":-1}'),
(2849, '{"userId":-1}'),
(2850, '{"userId":-1}'),
(2851, '{"userId":-1}'),
(2852, '{"userId":-1}'),
(2853, '{"userId":-1}'),
(2854, '{"userId":-1}'),
(2855, '{"userId":-1}'),
(2856, '{"userId":-1}'),
(2857, '{"userId":-1}'),
(2858, '{"userId":-1}'),
(2859, '{"userId":-1}'),
(2860, '{"userId":-1}'),
(2861, '{"userId":-1}'),
(2862, '{"userId":-1}'),
(2863, '{"userId":-1}'),
(2864, '{"userId":-1}'),
(2865, '{"userId":-1}'),
(2866, '{"userId":-1}'),
(2867, '{"userId":-1}'),
(2868, '{"userId":-1}'),
(2869, '{"userId":-1}'),
(2870, '{"userId":-1}'),
(2871, '{"userId":-1}'),
(2872, '{"userId":-1}'),
(2873, '{"userId":-1}'),
(2874, '{"userId":-1}'),
(2875, '{"userId":-1}'),
(2876, '{"userId":-1}'),
(2877, '{"userId":-1}'),
(2878, '{"userId":-1}'),
(2879, '{"userId":-1}'),
(2880, '{"userId":-1}'),
(2881, '{"userId":-1}'),
(2882, '{"userId":-1}'),
(2883, '{"userId":-1}'),
(2884, '{"userId":-1}'),
(2885, '{"userId":-1}'),
(2886, '{"userId":-1}'),
(2887, '{"userId":-1}'),
(2888, '{"userId":-1}'),
(2889, '{"userId":-1}'),
(2890, '{"userId":-1}'),
(2891, '{"userId":-1}'),
(2892, '{"userId":-1}'),
(2893, '{"userId":-1}'),
(2894, '{"userId":-1}'),
(2895, '{"userId":-1}'),
(2896, '{"userId":-1}'),
(2897, '{"userId":-1}'),
(2898, '{"userId":-1}'),
(2899, '{"userId":-1}'),
(2900, '{"userId":-1}'),
(2901, '{"userId":-1}'),
(2902, '{"userId":-1}'),
(2903, '{"userId":-1}'),
(2904, '{"userId":-1}'),
(2905, '{"userId":-1}'),
(2906, '{"userId":-1}'),
(2907, '{"userId":-1}'),
(2908, '{"userId":-1}'),
(2909, '{"userId":-1}'),
(2910, '{"userId":-1}'),
(2911, '{"userId":-1}'),
(2912, '{"userId":-1}'),
(2913, '{"userId":-1}'),
(2914, '{"userId":-1}'),
(2915, '{"userId":-1}'),
(2916, '{"userId":-1}'),
(2917, '{"userId":-1}'),
(2918, '{"userId":-1}'),
(2919, '{"userId":-1}'),
(2920, '{"userId":-1}'),
(2921, '{"userId":-1}'),
(2922, '{"userId":-1}'),
(2923, '{"userId":-1}'),
(2924, '{"userId":-1}'),
(2925, '{"userId":-1}'),
(2926, '{"userId":-1}'),
(2927, '{"userId":-1}'),
(2928, '{"userId":-1}'),
(2929, '{"userId":-1}'),
(2930, '{"userId":-1}'),
(2931, '{"userId":-1}'),
(2932, '{"userId":-1}'),
(2933, '{"userId":-1}'),
(2934, '{"userId":-1}'),
(2935, '{"userId":-1}'),
(2936, '{"userId":-1}'),
(2937, '{"userId":-1}'),
(2938, '{"userId":-1}'),
(2939, '{"userId":-1}'),
(2940, '{"userId":-1}'),
(2941, '{"userId":-1}'),
(2942, '{"userId":-1}'),
(2943, '{"userId":-1}'),
(2944, '{"userId":-1}'),
(2945, '{"userId":-1}'),
(2946, '{"userId":-1}'),
(2947, '{"userId":-1}'),
(2948, '{"userId":-1}'),
(2949, '{"userId":-1}'),
(2950, '{"userId":-1}'),
(2951, '{"userId":-1}'),
(2952, '{"userId":-1}'),
(2953, '{"userId":-1}'),
(2954, '{"userId":-1}'),
(2955, '{"userId":-1}'),
(2956, '{"userId":-1}'),
(2957, '{"userId":-1}'),
(2958, '{"userId":-1}'),
(2959, '{"userId":-1}'),
(2960, '{"userId":-1}'),
(2961, '{"userId":-1}'),
(2962, '{"userId":-1}'),
(2963, '{"userId":-1}'),
(2964, '{"userId":-1}'),
(2965, '{"userId":-1}'),
(2966, '{"userId":-1}'),
(2967, '{"userId":-1}'),
(2968, '{"userId":-1}'),
(2969, '{"userId":-1}'),
(2970, '{"userId":-1}'),
(2971, '{"userId":-1}'),
(2972, '{"userId":-1}'),
(2973, '{"userId":-1}'),
(2974, '{"userId":-1}'),
(2975, '{"userId":-1}'),
(2976, '{"userId":-1}'),
(2977, '{"userId":-1}'),
(2978, '{"userId":-1}'),
(2979, '{"userId":-1}'),
(2980, '{"userId":-1}'),
(2981, '{"userId":-1}'),
(2982, '{"userId":-1}'),
(2983, '{"userId":-1}'),
(2984, '{"userId":-1}'),
(2985, '{"userId":-1}'),
(2986, '{"userId":-1}'),
(2987, '{"userId":-1}'),
(2988, '{"userId":-1}'),
(2989, '{"userId":-1}'),
(2990, '{"userId":-1}'),
(2991, '{"userId":-1}'),
(2992, '{"userId":-1}'),
(2993, '{"userId":-1}'),
(2994, '{"userId":-1}'),
(2995, '{"userId":-1}'),
(2996, '{"userId":-1}'),
(2997, '{"userId":-1}'),
(2998, '{"userId":-1}'),
(2999, '{"userId":-1}'),
(3000, '{"userId":-1}'),
(3001, '{"userId":-1}'),
(3002, '{"userId":-1}'),
(3003, '{"userId":-1}'),
(3004, '{"userId":-1}'),
(3005, '{"userId":-1}'),
(3006, '{"userId":-1}'),
(3007, '{"userId":-1}'),
(3008, '{"userId":-1}'),
(3009, '{"userId":-1}'),
(3010, '{"userId":-1}'),
(3011, '{"userId":-1}'),
(3012, '{"userId":-1}'),
(3013, '{"userId":-1}'),
(3014, '{"userId":-1}'),
(3015, '{"userId":-1}'),
(3016, '{"userId":-1}'),
(3017, '{"userId":-1}'),
(3018, '{"userId":-1}'),
(3019, '{"userId":-1}'),
(3020, '{"userId":-1}'),
(3021, '{"userId":-1}'),
(3022, '{"userId":-1}'),
(3023, '{"userId":-1}'),
(3024, '{"userId":-1}'),
(3025, '{"userId":-1}'),
(3026, '{"userId":-1}'),
(3027, '{"userId":-1}'),
(3028, '{"userId":-1}'),
(3029, '{"userId":-1}'),
(3030, '{"userId":-1}'),
(3031, '{"userId":-1}'),
(3032, '{"userId":-1}'),
(3033, '{"userId":-1}'),
(3034, '{"userId":-1}'),
(3035, '{"userId":-1}'),
(3036, '{"userId":-1}'),
(3037, '{"userId":-1}'),
(3038, '{"userId":-1}'),
(3039, '{"userId":-1}'),
(3040, '{"userId":-1}'),
(3041, '{"userId":-1}'),
(3042, '{"userId":-1}'),
(3043, '{"userId":-1}'),
(3044, '{"userId":-1}'),
(3045, '{"userId":-1}'),
(3046, '{"userId":-1}'),
(3047, '{"userId":-1}'),
(3048, '{"userId":-1}'),
(3049, '{"userId":-1}'),
(3050, '{"userId":-1}'),
(3051, '{"userId":-1}'),
(3052, '{"userId":-1}'),
(3053, '{"userId":-1}'),
(3054, '{"userId":-1}'),
(3055, '{"userId":-1}'),
(3056, '{"userId":-1}'),
(3057, '{"userId":-1}'),
(3058, '{"userId":-1}'),
(3059, '{"userId":-1}'),
(3060, '{"userId":-1}'),
(3061, '{"userId":-1}'),
(3062, '{"userId":-1}'),
(3063, '{"userId":-1}'),
(3064, '{"userId":-1}'),
(3065, '{"userId":-1}'),
(3066, '{"userId":-1}'),
(3067, '{"userId":-1}'),
(3068, '{"userId":-1}'),
(3069, '{"userId":-1}'),
(3070, '{"userId":-1}'),
(3071, '{"userId":-1}'),
(3072, '{"userId":-1}'),
(3073, '{"userId":-1}'),
(3074, '{"userId":-1}'),
(3075, '{"userId":-1}'),
(3076, '{"userId":-1}'),
(3077, '{"userId":-1}'),
(3078, '{"userId":-1}'),
(3079, '{"userId":-1}'),
(3080, '{"userId":-1}'),
(3081, '{"userId":-1}'),
(3082, '{"userId":-1}'),
(3083, '{"userId":-1}'),
(3084, '{"userId":-1}'),
(3085, '{"userId":-1}'),
(3086, '{"userId":-1}'),
(3087, '{"userId":-1}'),
(3088, '{"userId":-1}'),
(3089, '{"userId":-1}'),
(3090, '{"userId":-1}'),
(3091, '{"userId":-1}'),
(3092, '{"userId":-1}'),
(3093, '{"userId":-1}'),
(3094, '{"userId":-1}'),
(3095, '{"userId":-1}'),
(3096, '{"userId":-1}'),
(3097, '{"userId":-1}'),
(3098, '{"userId":-1}'),
(3099, '{"userId":-1}'),
(3100, '{"userId":-1}'),
(3101, '{"userId":-1}'),
(3102, '{"userId":-1}'),
(3103, '{"userId":-1}'),
(3104, '{"userId":-1}'),
(3105, '{"userId":-1}'),
(3106, '{"userId":-1}'),
(3107, '{"userId":-1}'),
(3108, '{"userId":-1}'),
(3109, '{"userId":-1}'),
(3110, '{"userId":-1}'),
(3111, '{"userId":-1}'),
(3112, '{"userId":-1}'),
(3113, '{"userId":-1}'),
(3114, '{"userId":-1}'),
(3115, '{"userId":-1}'),
(3116, '{"userId":-1}'),
(3117, '{"userId":-1}'),
(3118, '{"userId":-1}'),
(3119, '{"userId":-1}'),
(3120, '{"userId":-1}'),
(3121, '{"userId":-1}'),
(3122, '{"userId":-1}'),
(3123, '{"userId":-1}'),
(3124, '{"userId":-1}'),
(3125, '{"userId":-1}'),
(3126, '{"userId":-1}'),
(3127, '{"userId":-1}'),
(3128, '{"userId":-1}'),
(3129, '{"userId":-1}'),
(3130, '{"userId":-1}'),
(3131, '{"userId":-1}'),
(3132, '{"userId":-1}'),
(3133, '{"userId":-1}'),
(3134, '{"userId":-1}'),
(3135, '{"userId":-1}'),
(3136, '{"userId":-1}'),
(3137, '{"userId":-1}'),
(3138, '{"userId":-1}'),
(3139, '{"userId":-1}'),
(3140, '{"userId":-1}'),
(3141, '{"userId":-1}'),
(3142, '{"userId":-1}'),
(3143, '{"userId":-1}'),
(3144, '{"userId":-1}'),
(3145, '{"userId":-1}'),
(3146, '{"userId":-1}'),
(3147, '{"userId":-1}'),
(3148, '{"userId":-1}'),
(3149, '{"userId":-1}'),
(3150, '{"userId":-1}'),
(3151, '{"userId":-1}'),
(3152, '{"userId":-1}'),
(3153, '{"userId":-1}'),
(3154, '{"userId":-1}'),
(3155, '{"userId":-1}'),
(3156, '{"userId":-1}'),
(3157, '{"userId":-1}'),
(3158, '{"userId":-1}'),
(3159, '{"userId":-1}'),
(3160, '{"userId":-1}'),
(3161, '{"userId":-1}'),
(3162, '{"userId":-1}'),
(3163, '{"userId":-1}'),
(3164, '{"userId":-1}'),
(3165, '{"userId":-1}'),
(3166, '{"userId":-1}'),
(3167, '{"userId":-1}'),
(3168, '{"userId":-1}'),
(3169, '{"userId":-1}'),
(3170, '{"userId":-1}'),
(3171, '{"userId":-1}'),
(3172, '{"userId":-1}'),
(3173, '{"userId":-1}'),
(3174, '{"userId":-1}'),
(3175, '{"userId":-1}'),
(3176, '{"userId":-1}'),
(3177, '{"userId":-1}'),
(3178, '{"userId":-1}'),
(3179, '{"userId":-1}'),
(3180, '{"userId":-1}'),
(3181, '{"userId":-1}'),
(3182, '{"userId":-1}'),
(3183, '{"userId":-1}'),
(3184, '{"userId":-1}'),
(3185, '{"userId":-1}'),
(3186, '{"userId":-1}'),
(3187, '{"userId":-1}'),
(3188, '{"userId":-1}'),
(3189, '{"userId":-1}'),
(3190, '{"userId":-1}'),
(3191, '{"userId":-1}'),
(3192, '{"userId":-1}'),
(3193, '{"userId":-1}'),
(3194, '{"userId":-1}'),
(3195, '{"userId":-1}'),
(3196, '{"userId":-1}'),
(3197, '{"userId":-1}'),
(3198, '{"userId":-1}'),
(3199, '{"userId":-1}'),
(3200, '{"userId":-1}'),
(3201, '{"userId":-1}'),
(3202, '{"userId":-1}'),
(3203, '{"userId":-1}'),
(3204, '{"userId":-1}'),
(3205, '{"userId":-1}'),
(3206, '{"userId":-1}'),
(3207, '{"userId":-1}'),
(3208, '{"userId":-1}'),
(3209, '{"userId":-1}'),
(3210, '{"userId":-1}'),
(3211, '{"userId":-1}'),
(3212, '{"userId":-1}'),
(3213, '{"userId":-1}'),
(3214, '{"userId":-1}'),
(3215, '{"userId":-1}'),
(3216, '{"userId":-1}'),
(3217, '{"userId":-1}'),
(3218, '{"userId":-1}'),
(3219, '{"userId":-1}'),
(3220, '{"userId":-1}'),
(3221, '{"userId":-1}'),
(3222, '{"userId":-1}'),
(3223, '{"userId":-1}'),
(3224, '{"userId":-1}'),
(3225, '{"userId":-1}'),
(3226, '{"userId":-1}'),
(3227, '{"userId":-1}'),
(3228, '{"userId":-1}'),
(3229, '{"userId":-1}'),
(3230, '{"userId":-1}'),
(3231, '{"userId":-1}'),
(3232, '{"userId":-1}'),
(3233, '{"userId":-1}'),
(3234, '{"userId":-1}'),
(3235, '{"userId":-1}'),
(3236, '{"userId":-1}'),
(3237, '{"userId":-1}'),
(3238, '{"userId":-1}'),
(3239, '{"userId":-1}'),
(3240, '{"userId":-1}'),
(3241, '{"userId":-1}'),
(3242, '{"userId":-1}'),
(3243, '{"userId":-1}'),
(3244, '{"userId":-1}'),
(3245, '{"userId":-1}'),
(3246, '{"userId":-1}'),
(3247, '{"userId":-1}'),
(3248, '{"userId":-1}'),
(3249, '{"userId":-1}'),
(3250, '{"userId":-1}'),
(3251, '{"userId":-1}'),
(3252, '{"userId":-1}'),
(3253, '{"userId":-1}'),
(3254, '{"userId":-1}'),
(3255, '{"userId":-1}'),
(3256, '{"userId":-1}'),
(3257, '{"userId":-1}'),
(3258, '{"userId":-1}'),
(3259, '{"userId":-1}'),
(3260, '{"userId":-1}'),
(3261, '{"userId":-1}'),
(3262, '{"userId":-1}'),
(3263, '{"userId":-1}'),
(3264, '{"userId":-1}'),
(3265, '{"userId":-1}'),
(3266, '{"userId":-1}'),
(3267, '{"userId":-1}'),
(3268, '{"userId":-1}'),
(3269, '{"userId":-1}'),
(3270, '{"userId":-1}'),
(3271, '{"userId":-1}'),
(3272, '{"userId":-1}'),
(3273, '{"userId":-1}'),
(3274, '{"userId":-1}'),
(3275, '{"userId":-1}'),
(3276, '{"userId":-1}'),
(3277, '{"userId":-1}'),
(3278, '{"userId":-1}'),
(3279, '{"userId":-1}'),
(3280, '{"userId":-1}'),
(3281, '{"userId":-1}'),
(3282, '{"userId":-1}'),
(3283, '{"userId":-1}'),
(3284, '{"userId":-1}'),
(3285, '{"userId":-1}'),
(3286, '{"userId":-1}'),
(3287, '{"userId":-1}'),
(3288, '{"userId":-1}'),
(3289, '{"userId":-1}'),
(3290, '{"userId":-1}'),
(3291, '{"userId":-1}'),
(3292, '{"userId":-1}'),
(3293, '{"userId":-1}'),
(3294, '{"userId":-1}'),
(3295, '{"userId":-1}'),
(3296, '{"userId":-1}'),
(3297, '{"userId":-1}'),
(3298, '{"userId":-1}'),
(3299, '{"userId":-1}'),
(3300, '{"userId":-1}'),
(3301, '{"userId":-1}'),
(3302, '{"userId":-1}'),
(3303, '{"userId":-1}'),
(3304, '{"userId":-1}'),
(3305, '{"userId":-1}'),
(3306, '{"userId":-1}'),
(3307, '{"userId":-1}'),
(3308, '{"userId":-1}'),
(3309, '{"userId":-1}'),
(3310, '{"userId":-1}'),
(3311, '{"userId":-1}'),
(3312, '{"userId":-1}'),
(3313, '{"userId":-1}'),
(3314, '{"userId":-1}'),
(3315, '{"userId":-1}'),
(3316, '{"userId":-1}'),
(3317, '{"userId":-1}'),
(3318, '{"userId":-1}'),
(3319, '{"userId":-1}'),
(3320, '{"userId":-1}'),
(3321, '{"userId":-1}'),
(3322, '{"userId":-1}'),
(3323, '{"userId":-1}'),
(3324, '{"userId":-1}'),
(3325, '{"userId":-1}'),
(3326, '{"userId":-1}'),
(3327, '{"userId":-1}'),
(3328, '{"userId":-1}'),
(3329, '{"userId":-1}'),
(3330, '{"userId":-1}'),
(3331, '{"userId":-1}'),
(3332, '{"userId":-1}'),
(3333, '{"userId":-1}'),
(3334, '{"userId":-1}'),
(3335, '{"userId":-1}'),
(3336, '{"userId":-1}'),
(3337, '{"userId":-1}'),
(3338, '{"userId":-1}'),
(3339, '{"userId":-1}'),
(3340, '{"userId":-1}'),
(3341, '{"userId":-1}'),
(3342, '{"userId":-1}'),
(3343, '{"userId":-1}'),
(3344, '{"userId":-1}'),
(3345, '{"userId":-1}'),
(3346, '{"userId":-1}'),
(3347, '{"userId":-1}'),
(3348, '{"userId":-1}'),
(3349, '{"userId":-1}'),
(3350, '{"userId":-1}'),
(3351, '{"userId":-1}'),
(3352, '{"userId":-1}'),
(3353, '{"userId":-1}'),
(3354, '{"userId":-1}'),
(3355, '{"userId":-1}'),
(3356, '{"userId":-1}'),
(3357, '{"userId":-1}'),
(3358, '{"userId":-1}'),
(3359, '{"userId":-1}'),
(3360, '{"userId":-1}'),
(3361, '{"userId":-1}'),
(3362, '{"userId":-1}'),
(3363, '{"userId":-1}'),
(3364, '{"userId":-1}'),
(3365, '{"userId":-1}'),
(3366, '{"userId":-1}'),
(3367, '{"userId":-1}'),
(3368, '{"userId":-1}'),
(3369, '{"userId":-1}'),
(3370, '{"userId":-1}'),
(3371, '{"userId":-1}'),
(3372, '{"userId":-1}'),
(3373, '{"userId":-1}'),
(3374, '{"userId":-1}'),
(3375, '{"userId":-1}'),
(3376, '{"userId":-1}'),
(3377, '{"userId":-1}'),
(3378, '{"userId":-1}'),
(3379, '{"userId":-1}'),
(3380, '{"userId":-1}'),
(3381, '{"userId":-1}'),
(3382, '{"userId":-1}'),
(3383, '{"userId":-1}'),
(3384, '{"userId":-1}'),
(3385, '{"userId":-1}'),
(3386, '{"userId":-1}'),
(3387, '{"userId":-1}'),
(3388, '{"userId":-1}'),
(3389, '{"userId":-1}'),
(3390, '{"userId":-1}'),
(3391, '{"userId":-1}'),
(3392, '{"userId":-1}'),
(3393, '{"userId":-1}'),
(3394, '{"userId":-1}'),
(3395, '{"userId":-1}'),
(3396, '{"userId":-1}'),
(3397, '{"userId":-1}'),
(3398, '{"userId":-1}'),
(3399, '{"userId":-1}'),
(3400, '{"userId":-1}'),
(3401, '{"userId":-1}'),
(3402, '{"userId":-1}'),
(3403, '{"userId":-1}'),
(3404, '{"userId":-1}'),
(3405, '{"userId":-1}'),
(3406, '{"userId":-1}'),
(3407, '{"userId":-1}'),
(3408, '{"userId":-1}'),
(3409, '{"userId":-1}'),
(3410, '{"userId":-1}'),
(3411, '{"userId":-1}'),
(3412, '{"userId":-1}'),
(3413, '{"userId":-1}'),
(3414, '{"userId":-1}'),
(3415, '{"userId":-1}'),
(3416, '{"userId":-1}'),
(3417, '{"userId":-1}'),
(3418, '{"userId":-1}'),
(3419, '{"userId":-1}'),
(3420, '{"userId":-1}'),
(3421, '{"userId":-1}'),
(3422, '{"userId":-1}'),
(3423, '{"userId":-1}'),
(3424, '{"userId":-1}'),
(3425, '{"userId":-1}'),
(3426, '{"userId":-1}'),
(3427, '{"userId":-1}'),
(3428, '{"userId":-1}'),
(3429, '{"userId":-1}'),
(3430, '{"userId":-1}'),
(3431, '{"userId":-1}'),
(3432, '{"userId":-1}'),
(3433, '{"userId":-1}'),
(3434, '{"userId":-1}'),
(3435, '{"userId":-1}'),
(3436, '{"userId":-1}'),
(3437, '{"userId":-1}'),
(3438, '{"userId":-1}'),
(3439, '{"userId":-1}'),
(3440, '{"userId":-1}'),
(3441, '{"userId":-1}'),
(3442, '{"userId":-1}'),
(3443, '{"userId":-1}'),
(3444, '{"userId":-1}'),
(3445, '{"userId":-1}'),
(3446, '{"userId":-1}'),
(3447, '{"userId":-1}'),
(3448, '{"userId":-1}'),
(3449, '{"userId":-1}'),
(3450, '{"userId":-1}'),
(3451, '{"userId":-1}'),
(3452, '{"userId":-1}'),
(3453, '{"userId":-1}'),
(3454, '{"userId":-1}'),
(3455, '{"userId":-1}'),
(3456, '{"userId":-1}'),
(3457, '{"userId":-1}'),
(3458, '{"userId":-1}'),
(3459, '{"userId":-1}'),
(3460, '{"userId":-1}'),
(3461, '{"userId":-1}'),
(3462, '{"userId":-1}'),
(3463, '{"userId":-1}'),
(3464, '{"userId":-1}'),
(3465, '{"userId":-1}'),
(3466, '{"userId":-1}'),
(3467, '{"userId":-1}'),
(3468, '{"userId":-1}'),
(3469, '{"userId":-1}'),
(3470, '{"userId":-1}'),
(3471, '{"userId":-1}'),
(3472, '{"userId":-1}'),
(3473, '{"userId":-1}'),
(3474, '{"userId":-1}'),
(3475, '{"userId":-1}'),
(3476, '{"userId":-1}'),
(3477, '{"userId":-1}'),
(3478, '{"userId":-1}'),
(3479, '{"userId":-1}'),
(3480, '{"userId":-1}'),
(3481, '{"userId":-1}'),
(3482, '{"userId":-1}'),
(3483, '{"userId":-1}'),
(3484, '{"userId":-1}'),
(3485, '{"userId":-1}'),
(3486, '{"userId":-1}'),
(3487, '{"userId":-1}'),
(3488, '{"userId":-1}'),
(3489, '{"userId":-1}'),
(3490, '{"userId":-1}'),
(3491, '{"userId":-1}'),
(3492, '{"userId":-1}'),
(3493, '{"userId":-1}'),
(3494, '{"userId":-1}'),
(3495, '{"userId":-1}'),
(3496, '{"userId":-1}'),
(3497, '{"userId":-1}'),
(3498, '{"userId":-1}'),
(3499, '{"userId":-1}'),
(3500, '{"userId":-1}'),
(3501, '{"userId":-1}'),
(3502, '{"userId":-1}'),
(3503, '{"userId":-1}'),
(3504, '{"userId":-1}'),
(3505, '{"userId":-1}'),
(3506, '{"userId":-1}'),
(3507, '{"userId":-1}'),
(3508, '{"userId":-1}'),
(3509, '{"userId":-1}'),
(3510, '{"userId":-1}'),
(3511, '{"userId":-1}'),
(3512, '{"userId":-1}'),
(3513, '{"userId":-1}'),
(3514, '{"userId":-1}'),
(3515, '{"userId":-1}'),
(3516, '{"userId":-1}'),
(3517, '{"userId":-1}'),
(3518, '{"userId":-1}'),
(3519, '{"userId":-1}'),
(3520, '{"userId":-1}'),
(3521, '{"userId":-1}'),
(3522, '{"userId":-1}'),
(3523, '{"userId":-1}'),
(3524, '{"userId":-1}'),
(3525, '{"userId":-1}'),
(3526, '{"userId":-1}'),
(3527, '{"userId":-1}'),
(3528, '{"userId":-1}'),
(3529, '{"userId":-1}'),
(3530, '{"userId":-1}'),
(3531, '{"userId":-1}'),
(3532, '{"userId":-1}'),
(3533, '{"userId":-1}'),
(3534, '{"userId":-1}'),
(3535, '{"userId":-1}'),
(3536, '{"userId":-1}'),
(3537, '{"userId":-1}'),
(3538, '{"userId":-1}'),
(3539, '{"userId":-1}'),
(3540, '{"userId":-1}'),
(3541, '{"userId":-1}'),
(3542, '{"userId":-1}'),
(3543, '{"userId":-1}'),
(3544, '{"userId":-1}'),
(3545, '{"userId":-1}'),
(3546, '{"userId":-1}'),
(3547, '{"userId":-1}'),
(3548, '{"userId":-1}'),
(3549, '{"userId":-1}'),
(3550, '{"userId":-1}'),
(3551, '{"userId":-1}'),
(3552, '{"userId":-1}'),
(3553, '{"userId":-1}'),
(3554, '{"userId":-1}'),
(3555, '{"userId":-1}'),
(3556, '{"userId":-1}'),
(3557, '{"userId":-1}'),
(3558, '{"userId":-1}'),
(3559, '{"userId":-1}'),
(3560, '{"userId":-1}'),
(3561, '{"userId":-1}'),
(3562, '{"userId":-1}'),
(3563, '{"userId":-1}'),
(3564, '{"userId":-1}'),
(3565, '{"userId":-1}'),
(3566, '{"userId":-1}'),
(3567, '{"userId":-1}'),
(3568, '{"userId":-1}'),
(3569, '{"userId":-1}'),
(3570, '{"userId":-1}'),
(3571, '{"userId":-1}'),
(3572, '{"userId":-1}'),
(3573, '{"userId":-1}'),
(3574, '{"userId":-1}'),
(3575, '{"userId":-1}'),
(3576, '{"userId":-1}'),
(3577, '{"userId":-1}'),
(3578, '{"userId":-1}'),
(3579, '{"userId":-1}'),
(3580, '{"userId":-1}'),
(3581, '{"userId":-1}'),
(3582, '{"userId":-1}'),
(3583, '{"userId":-1}'),
(3584, '{"userId":-1}'),
(3585, '{"userId":-1}'),
(3586, '{"userId":-1}'),
(3587, '{"userId":-1}'),
(3588, '{"userId":-1}'),
(3589, '{"userId":-1}'),
(3590, '{"userId":-1}'),
(3591, '{"userId":-1}'),
(3592, '{"userId":-1}'),
(3593, '{"userId":-1}'),
(3594, '{"userId":-1}'),
(3595, '{"userId":-1}'),
(3596, '{"userId":-1}'),
(3597, '{"userId":-1}'),
(3598, '{"userId":-1}'),
(3599, '{"userId":-1}'),
(3600, '{"userId":-1}'),
(3601, '{"userId":-1}'),
(3602, '{"userId":-1}'),
(3603, '{"userId":-1}'),
(3604, '{"userId":-1}'),
(3605, '{"userId":-1}'),
(3606, '{"userId":-1}'),
(3607, '{"userId":-1}'),
(3608, '{"userId":-1}'),
(3609, '{"userId":-1}'),
(3610, '{"userId":-1}'),
(3611, '{"userId":-1}'),
(3612, '{"userId":-1}'),
(3613, '{"userId":-1}'),
(3614, '{"userId":-1}'),
(3615, '{"userId":-1}'),
(3616, '{"userId":-1}'),
(3617, '{"userId":-1}'),
(3618, '{"userId":-1}'),
(3619, '{"userId":-1}'),
(3620, '{"userId":-1}'),
(3621, '{"userId":-1}'),
(3622, '{"userId":-1}'),
(3623, '{"userId":-1}'),
(3624, '{"userId":-1}'),
(3625, '{"userId":-1}'),
(3626, '{"userId":-1}'),
(3627, '{"userId":-1}'),
(3628, '{"userId":-1}'),
(3629, '{"userId":-1}'),
(3630, '{"userId":-1}'),
(3631, '{"userId":-1}'),
(3632, '{"userId":-1}'),
(3633, '{"userId":-1}'),
(3634, '{"userId":-1}'),
(3635, '{"userId":-1}'),
(3636, '{"userId":-1}'),
(3637, '{"userId":-1}'),
(3638, '{"userId":-1}'),
(3639, '{"userId":-1}'),
(3640, '{"userId":-1}'),
(3641, '{"userId":-1}'),
(3642, '{"userId":-1}'),
(3643, '{"userId":-1}'),
(3644, '{"userId":-1}'),
(3645, '{"userId":-1}'),
(3646, '{"userId":-1}'),
(3647, '{"userId":-1}'),
(3648, '{"userId":-1}'),
(3649, '{"userId":-1}'),
(3650, '{"userId":-1}'),
(3651, '{"userId":-1}'),
(3652, '{"userId":-1}'),
(3653, '{"userId":-1}'),
(3654, '{"userId":-1}'),
(3655, '{"userId":-1}'),
(3656, '{"userId":-1}'),
(3657, '{"userId":-1}'),
(3658, '{"userId":-1}'),
(3659, '{"userId":-1}'),
(3660, '{"userId":-1}'),
(3661, '{"userId":-1}'),
(3662, '{"userId":-1}'),
(3663, '{"userId":-1}'),
(3664, '{"userId":-1}'),
(3665, '{"userId":-1}'),
(3666, '{"userId":-1}'),
(3667, '{"userId":-1}'),
(3668, '{"userId":-1}'),
(3669, '{"userId":-1}'),
(3670, '{"userId":-1}'),
(3671, '{"userId":-1}'),
(3672, '{"userId":-1}'),
(3673, '{"userId":-1}'),
(3674, '{"userId":-1}'),
(3675, '{"userId":-1}'),
(3676, '{"userId":-1}'),
(3677, '{"userId":-1}'),
(3678, '{"userId":-1}'),
(3679, '{"userId":-1}'),
(3680, '{"userId":-1}'),
(3681, '{"userId":-1}'),
(3682, '{"userId":-1}'),
(3683, '{"userId":-1}'),
(3684, '{"userId":-1}'),
(3685, '{"userId":-1}'),
(3686, '{"userId":-1}'),
(3687, '{"userId":-1}'),
(3688, '{"userId":-1}'),
(3689, '{"userId":-1}'),
(3690, '{"userId":-1}'),
(3691, '{"userId":-1}'),
(3692, '{"userId":-1}'),
(3693, '{"userId":-1}'),
(3694, '{"userId":-1}'),
(3695, '{"userId":-1}'),
(3696, '{"userId":-1}'),
(3697, '{"userId":-1}'),
(3698, '{"userId":-1}'),
(3699, '{"userId":-1}'),
(3700, '{"userId":-1}'),
(3701, '{"userId":-1}'),
(3702, '{"userId":-1}'),
(3703, '{"userId":-1}'),
(3704, '{"userId":-1}'),
(3705, '{"userId":-1}'),
(3706, '{"userId":-1}'),
(3707, '{"userId":-1}'),
(3708, '{"userId":-1}'),
(3709, '{"userId":-1}'),
(3710, '{"userId":-1}'),
(3711, '{"userId":-1}'),
(3712, '{"userId":-1}'),
(3713, '{"userId":-1}'),
(3714, '{"userId":-1}'),
(3715, '{"userId":-1}'),
(3716, '{"userId":-1}'),
(3717, '{"userId":-1}'),
(3718, '{"userId":-1}'),
(3719, '{"userId":-1}'),
(3720, '{"userId":-1}'),
(3721, '{"userId":-1}'),
(3722, '{"userId":-1}'),
(3723, '{"userId":-1}'),
(3724, '{"userId":-1}'),
(3725, '{"userId":-1}'),
(3726, '{"userId":-1}'),
(3727, '{"userId":-1}'),
(3728, '{"userId":-1}'),
(3729, '{"userId":-1}'),
(3730, '{"userId":-1}'),
(3731, '{"userId":-1}'),
(3732, '{"userId":-1}'),
(3733, '{"userId":-1}'),
(3734, '{"userId":-1}'),
(3735, '{"userId":-1}'),
(3736, '{"userId":-1}'),
(3737, '{"userId":-1}'),
(3738, '{"userId":-1}'),
(3739, '{"userId":-1}'),
(3740, '{"userId":-1}'),
(3741, '{"userId":-1}'),
(3742, '{"userId":-1}'),
(3743, '{"userId":-1}'),
(3744, '{"userId":-1}'),
(3745, '{"userId":-1}'),
(3746, '{"userId":-1}'),
(3747, '{"userId":-1}'),
(3748, '{"userId":-1}'),
(3749, '{"userId":-1}'),
(3750, '{"userId":-1}'),
(3751, '{"userId":-1}'),
(3752, '{"userId":-1}'),
(3753, '{"userId":-1}'),
(3754, '{"userId":-1}'),
(3755, '{"userId":-1}'),
(3756, '{"userId":-1}'),
(3757, '{"userId":-1}'),
(3758, '{"userId":-1}'),
(3759, '{"userId":-1}'),
(3760, '{"userId":-1}'),
(3761, '{"userId":-1}'),
(3762, '{"userId":-1}'),
(3763, '{"userId":-1}'),
(3764, '{"userId":-1}'),
(3765, '{"userId":-1}'),
(3766, '{"userId":-1}'),
(3767, '{"userId":-1}'),
(3768, '{"userId":-1}'),
(3769, '{"userId":-1}'),
(3770, '{"userId":-1}'),
(3771, '{"userId":-1}'),
(3772, '{"userId":-1}'),
(3773, '{"userId":-1}'),
(3774, '{"userId":-1}'),
(3775, '{"userId":-1}'),
(3776, '{"userId":-1}'),
(3777, '{"userId":-1}'),
(3778, '{"userId":-1}'),
(3779, '{"userId":-1}'),
(3780, '{"userId":-1}'),
(3781, '{"userId":-1}'),
(3782, '{"userId":-1}'),
(3783, '{"userId":-1}'),
(3784, '{"userId":-1}'),
(3785, '{"userId":-1}'),
(3786, '{"userId":-1}'),
(3787, '{"userId":-1}'),
(3788, '{"userId":-1}'),
(3789, '{"userId":-1}'),
(3790, '{"userId":-1}'),
(3791, '{"userId":-1}'),
(3792, '{"userId":-1}'),
(3793, '{"userId":-1}'),
(3794, '{"userId":-1}'),
(3795, '{"userId":-1}'),
(3796, '{"userId":-1}'),
(3797, '{"userId":-1}'),
(3798, '{"userId":-1}'),
(3799, '{"userId":-1}'),
(3800, '{"userId":-1}'),
(3801, '{"userId":-1}'),
(3802, '{"userId":-1}'),
(3803, '{"userId":-1}'),
(3804, '{"userId":-1}'),
(3805, '{"userId":-1}'),
(3806, '{"userId":-1}'),
(3807, '{"userId":-1}'),
(3808, '{"userId":-1}'),
(3809, '{"userId":-1}'),
(3810, '{"userId":-1}'),
(3811, '{"userId":-1}'),
(3812, '{"userId":-1}'),
(3813, '{"userId":-1}'),
(3814, '{"userId":-1}'),
(3815, '{"userId":-1}'),
(3816, '{"userId":-1}'),
(3817, '{"userId":-1}'),
(3818, '{"userId":-1}'),
(3819, '{"userId":-1}'),
(3820, '{"userId":-1}'),
(3821, '{"userId":-1}'),
(3822, '{"userId":-1}'),
(3823, '{"userId":-1}'),
(3824, '{"userId":-1}'),
(3825, '{"userId":-1}'),
(3826, '{"userId":-1}'),
(3827, '{"userId":-1}'),
(3828, '{"userId":-1}'),
(3829, '{"userId":-1}'),
(3830, '{"userId":-1}'),
(3831, '{"userId":-1}'),
(3832, '{"userId":-1}'),
(3833, '{"userId":-1}'),
(3834, '{"userId":-1}'),
(3835, '{"userId":-1}'),
(3836, '{"userId":-1}'),
(3837, '{"userId":-1}'),
(3838, '{"userId":-1}'),
(3839, '{"userId":-1}'),
(3840, '{"userId":-1}'),
(3841, '{"userId":-1}'),
(3842, '{"userId":-1}'),
(3843, '{"userId":-1}'),
(3844, '{"userId":-1}'),
(3845, '{"userId":-1}'),
(3846, '{"userId":-1}'),
(3847, '{"userId":-1}'),
(3848, '{"userId":-1}'),
(3849, '{"userId":-1}'),
(3850, '{"userId":-1}'),
(3851, '{"userId":-1}'),
(3852, '{"userId":-1}'),
(3853, '{"userId":-1}'),
(3854, '{"userId":-1}'),
(3855, '{"userId":-1}'),
(3856, '{"userId":-1}'),
(3857, '{"userId":-1}'),
(3858, '{"userId":-1}'),
(3859, '{"userId":-1}'),
(3860, '{"userId":-1}'),
(3861, '{"userId":-1}'),
(3862, '{"userId":-1}'),
(3863, '{"userId":-1}'),
(3864, '{"userId":-1}'),
(3865, '{"userId":-1}'),
(3866, '{"userId":-1}'),
(3867, '{"userId":-1}'),
(3868, '{"userId":-1}'),
(3869, '{"userId":-1}'),
(3870, '{"userId":-1}'),
(3871, '{"userId":-1}'),
(3872, '{"userId":-1}'),
(3873, '{"userId":-1}'),
(3874, '{"userId":-1}'),
(3875, '{"userId":-1}'),
(3876, '{"userId":-1}'),
(3877, '{"userId":-1}'),
(3878, '{"userId":-1}'),
(3879, '{"userId":-1}'),
(3880, '{"userId":-1}'),
(3881, '{"userId":-1}'),
(3882, '{"userId":-1}'),
(3883, '{"userId":-1}'),
(3884, '{"userId":-1}'),
(3885, '{"userId":-1}'),
(3886, '{"userId":-1}'),
(3887, '{"userId":-1}'),
(3888, '{"userId":-1}'),
(3889, '{"userId":-1}'),
(3890, '{"userId":-1}'),
(3891, '{"userId":-1}'),
(3892, '{"userId":-1}'),
(3893, '{"userId":-1}'),
(3894, '{"userId":-1}'),
(3895, '{"userId":-1}'),
(3896, '{"userId":-1}'),
(3897, '{"userId":-1}'),
(3898, '{"userId":-1}'),
(3899, '{"userId":-1}'),
(3900, '{"userId":-1}'),
(3901, '{"userId":-1}'),
(3902, '{"userId":-1}'),
(3903, '{"userId":-1}'),
(3904, '{"userId":-1}'),
(3905, '{"userId":-1}'),
(3906, '{"userId":-1}'),
(3907, '{"userId":-1}'),
(3908, '{"userId":-1}'),
(3909, '{"userId":-1}'),
(3910, '{"userId":-1}'),
(3911, '{"userId":-1}'),
(3912, '{"userId":-1}'),
(3913, '{"userId":-1}'),
(3914, '{"userId":-1}'),
(3915, '{"userId":-1}'),
(3916, '{"userId":-1}'),
(3917, '{"userId":-1}'),
(3918, '{"userId":-1}'),
(3919, '{"userId":-1}'),
(3920, '{"userId":-1}'),
(3921, '{"userId":-1}'),
(3922, '{"userId":-1}'),
(3923, '{"userId":-1}'),
(3924, '{"userId":-1}'),
(3925, '{"userId":-1}'),
(3926, '{"userId":-1}'),
(3927, '{"userId":-1}'),
(3928, '{"userId":-1}'),
(3929, '{"userId":-1}'),
(3930, '{"userId":-1}'),
(3931, '{"userId":-1}'),
(3932, '{"userId":-1}'),
(3933, '{"userId":-1}'),
(3934, '{"userId":-1}'),
(3935, '{"userId":-1}'),
(3936, '{"userId":-1}'),
(3937, '{"userId":-1}'),
(3938, '{"userId":-1}'),
(3939, '{"userId":-1}'),
(3940, '{"userId":-1}'),
(3941, '{"userId":-1}'),
(3942, '{"userId":-1}'),
(3943, '{"userId":-1}'),
(3944, '{"userId":-1}'),
(3945, '{"userId":-1}'),
(3946, '{"userId":-1}'),
(3947, '{"userId":-1}'),
(3948, '{"userId":-1}'),
(3949, '{"userId":-1}'),
(3950, '{"userId":-1}'),
(3951, '{"userId":-1}'),
(3952, '{"userId":-1}'),
(3953, '{"userId":-1}'),
(3954, '{"userId":-1}'),
(3955, '{"userId":-1}'),
(3956, '{"userId":-1}'),
(3957, '{"userId":-1}'),
(3958, '{"userId":-1}'),
(3959, '{"userId":-1}'),
(3960, '{"userId":-1}'),
(3961, '{"userId":-1}'),
(3962, '{"userId":-1}'),
(3963, '{"userId":-1}'),
(3964, '{"userId":-1}'),
(3965, '{"userId":-1}'),
(3966, '{"userId":-1}'),
(3967, '{"userId":-1}'),
(3968, '{"userId":-1}'),
(3969, '{"userId":-1}'),
(3970, '{"userId":-1}'),
(3971, '{"userId":-1}'),
(3972, '{"userId":-1}'),
(3973, '{"userId":-1}'),
(3974, '{"userId":-1}'),
(3975, '{"userId":-1}'),
(3976, '{"userId":-1}'),
(3977, '{"userId":-1}'),
(3978, '{"userId":-1}'),
(3979, '{"userId":-1}'),
(3980, '{"userId":-1}'),
(3981, '{"userId":-1}'),
(3982, '{"userId":-1}'),
(3983, '{"userId":-1}'),
(3984, '{"userId":-1}'),
(3985, '{"userId":-1}'),
(3986, '{"userId":-1}'),
(3987, '{"userId":-1}'),
(3988, '{"userId":-1}'),
(3989, '{"userId":-1}'),
(3990, '{"userId":-1}'),
(3991, '{"userId":-1}'),
(3992, '{"userId":-1}'),
(3993, '{"userId":-1}'),
(3994, '{"userId":-1}'),
(3995, '{"userId":-1}'),
(3996, '{"userId":-1}'),
(3997, '{"userId":-1}'),
(3998, '{"userId":-1}'),
(3999, '{"userId":-1}'),
(4000, '{"userId":-1}'),
(4001, '{"userId":-1}'),
(4002, '{"userId":-1}'),
(4003, '{"userId":-1}'),
(4004, '{"userId":-1}'),
(4005, '{"userId":-1}'),
(4006, '{"userId":-1}'),
(4007, '{"userId":-1}'),
(4008, '{"userId":-1}'),
(4009, '{"userId":-1}'),
(4010, '{"userId":-1}'),
(4011, '{"userId":-1}'),
(4012, '{"userId":-1}'),
(4013, '{"userId":-1}'),
(4014, '{"userId":-1}'),
(4015, '{"userId":-1}'),
(4016, '{"userId":-1}'),
(4017, '{"userId":-1}'),
(4018, '{"userId":-1}'),
(4019, '{"userId":-1}'),
(4020, '{"userId":-1}'),
(4021, '{"userId":-1}'),
(4022, '{"userId":-1}'),
(4023, '{"userId":-1}'),
(4024, '{"userId":-1}'),
(4025, '{"userId":-1}'),
(4026, '{"userId":-1}'),
(4027, '{"userId":-1}'),
(4028, '{"userId":-1}'),
(4029, '{"userId":-1}'),
(4030, '{"userId":-1}'),
(4031, '{"userId":-1}'),
(4032, '{"userId":-1}'),
(4033, '{"userId":-1}'),
(4034, '{"userId":-1}'),
(4035, '{"userId":-1}'),
(4036, '{"userId":-1}'),
(4037, '{"userId":-1}'),
(4038, '{"userId":-1}'),
(4039, '{"userId":-1}'),
(4040, '{"userId":-1}'),
(4041, '{"userId":-1}'),
(4042, '{"userId":-1}'),
(4043, '{"userId":-1}'),
(4044, '{"userId":-1}'),
(4045, '{"userId":-1}'),
(4046, '{"userId":-1}'),
(4047, '{"userId":-1}'),
(4048, '{"userId":-1}'),
(4049, '{"userId":-1}'),
(4050, '{"userId":-1}'),
(4051, '{"userId":-1}'),
(4052, '{"userId":-1}'),
(4053, '{"userId":-1}'),
(4054, '{"userId":-1}'),
(4055, '{"userId":-1}'),
(4056, '{"userId":-1}'),
(4057, '{"userId":-1}'),
(4058, '{"userId":-1}'),
(4059, '{"userId":-1}'),
(4060, '{"userId":-1}'),
(4061, '{"userId":-1}'),
(4062, '{"userId":-1}'),
(4063, '{"userId":-1}'),
(4064, '{"userId":-1}'),
(4065, '{"userId":-1}'),
(4066, '{"userId":-1}'),
(4067, '{"userId":-1}'),
(4068, '{"userId":-1}'),
(4069, '{"userId":-1}'),
(4070, '{"userId":-1}'),
(4071, '{"userId":-1}'),
(4072, '{"userId":-1}'),
(4073, '{"userId":-1}'),
(4074, '{"userId":-1}'),
(4075, '{"userId":-1}'),
(4076, '{"userId":-1}'),
(4077, '{"userId":-1}'),
(4078, '{"userId":-1}'),
(4079, '{"userId":-1}'),
(4080, '{"userId":-1}'),
(4081, '{"userId":-1}'),
(4082, '{"userId":-1}'),
(4083, '{"userId":-1}'),
(4084, '{"userId":-1}'),
(4085, '{"userId":-1}'),
(4086, '{"userId":-1}'),
(4087, '{"userId":-1}'),
(4088, '{"userId":-1}'),
(4089, '{"userId":-1}'),
(4090, '{"userId":-1}'),
(4091, '{"userId":-1}'),
(4092, '{"userId":-1}'),
(4093, '{"userId":-1}'),
(4094, '{"userId":-1}'),
(4095, '{"userId":-1}'),
(4096, '{"userId":-1}'),
(4097, '{"userId":-1}'),
(4098, '{"userId":-1}'),
(4099, '{"userId":-1}'),
(4100, '{"userId":-1}'),
(4101, '{"userId":-1}'),
(4102, '{"userId":-1}'),
(4103, '{"userId":-1}'),
(4104, '{"userId":-1}'),
(4105, '{"userId":-1}'),
(4106, '{"userId":-1}'),
(4107, '{"userId":-1}'),
(4108, '{"userId":-1}'),
(4109, '{"userId":-1}'),
(4110, '{"userId":-1}'),
(4111, '{"userId":-1}'),
(4112, '{"userId":-1}'),
(4113, '{"userId":-1}'),
(4114, '{"userId":-1}'),
(4115, '{"userId":-1}'),
(4116, '{"userId":-1}'),
(4117, '{"userId":-1}'),
(4118, '{"userId":-1}'),
(4119, '{"userId":-1}'),
(4120, '{"userId":-1}'),
(4121, '{"userId":-1}'),
(4122, '{"userId":-1}'),
(4123, '{"userId":-1}'),
(4124, '{"userId":-1}'),
(4125, '{"userId":-1}'),
(4126, '{"userId":-1}'),
(4127, '{"userId":-1}'),
(4128, '{"userId":-1}'),
(4129, '{"userId":-1}'),
(4130, '{"userId":-1}'),
(4131, '{"userId":-1}'),
(4132, '{"userId":-1}'),
(4133, '{"userId":-1}'),
(4134, '{"userId":-1}'),
(4135, '{"userId":-1}'),
(4136, '{"userId":-1}'),
(4137, '{"userId":-1}'),
(4138, '{"userId":-1}'),
(4139, '{"userId":-1}'),
(4140, '{"userId":-1}'),
(4141, '{"userId":-1}'),
(4142, '{"userId":-1}'),
(4143, '{"userId":-1}'),
(4144, '{"userId":-1}'),
(4145, '{"userId":-1}'),
(4146, '{"userId":-1}'),
(4147, '{"userId":-1}'),
(4148, '{"userId":-1}'),
(4149, '{"userId":-1}'),
(4150, '{"userId":-1}'),
(4151, '{"userId":-1}'),
(4152, '{"userId":-1}'),
(4153, '{"userId":-1}'),
(4154, '{"userId":-1}'),
(4155, '{"userId":-1}'),
(4156, '{"userId":-1}'),
(4157, '{"userId":-1}'),
(4158, '{"userId":-1}'),
(4159, '{"userId":-1}'),
(4160, '{"userId":-1}'),
(4161, '{"userId":-1}'),
(4162, '{"userId":-1}'),
(4163, '{"userId":-1}'),
(4164, '{"userId":-1}'),
(4165, '{"userId":-1}'),
(4166, '{"userId":-1}'),
(4167, '{"userId":-1}'),
(4168, '{"userId":-1}'),
(4169, '{"userId":-1}'),
(4170, '{"userId":-1}'),
(4171, '{"userId":-1}'),
(4172, '{"userId":-1}'),
(4173, '{"userId":-1}'),
(4174, '{"userId":-1}'),
(4175, '{"userId":-1}'),
(4176, '{"userId":-1}'),
(4177, '{"userId":-1}'),
(4178, '{"userId":-1}'),
(4179, '{"userId":-1}'),
(4180, '{"userId":-1}'),
(4181, '{"userId":-1}'),
(4182, '{"userId":-1}'),
(4183, '{"userId":-1}'),
(4184, '{"userId":-1}'),
(4185, '{"userId":-1}'),
(4186, '{"userId":-1}'),
(4187, '{"userId":-1}'),
(4188, '{"userId":-1}'),
(4189, '{"userId":-1}'),
(4190, '{"userId":-1}'),
(4191, '{"userId":-1}'),
(4192, '{"userId":-1}'),
(4193, '{"userId":-1}'),
(4194, '{"userId":-1}'),
(4195, '{"userId":-1}'),
(4196, '{"userId":-1}'),
(4197, '{"userId":-1}'),
(4198, '{"userId":-1}'),
(4199, '{"userId":-1}'),
(4200, '{"userId":-1}'),
(4201, '{"userId":-1}'),
(4202, '{"userId":-1}'),
(4203, '{"userId":-1}'),
(4204, '{"userId":-1}'),
(4205, '{"userId":-1}'),
(4206, '{"userId":-1}'),
(4207, '{"userId":-1}'),
(4208, '{"userId":-1}'),
(4209, '{"userId":-1}'),
(4210, '{"userId":-1}'),
(4211, '{"userId":-1}'),
(4212, '{"userId":-1}'),
(4213, '{"userId":-1}'),
(4214, '{"userId":-1}'),
(4215, '{"userId":-1}'),
(4216, '{"userId":-1}'),
(4217, '{"userId":-1}'),
(4218, '{"userId":-1}'),
(4219, '{"userId":-1}'),
(4220, '{"userId":-1}'),
(4221, '{"userId":-1}'),
(4222, '{"userId":-1}'),
(4223, '{"userId":-1}'),
(4224, '{"userId":-1}'),
(4225, '{"userId":-1}'),
(4226, '{"userId":-1}'),
(4227, '{"userId":-1}'),
(4228, '{"userId":-1}'),
(4229, '{"userId":-1}'),
(4230, '{"userId":-1}'),
(4231, '{"userId":-1}'),
(4232, '{"userId":-1}'),
(4233, '{"userId":-1}'),
(4234, '{"userId":-1}'),
(4235, '{"userId":-1}'),
(4236, '{"userId":-1}'),
(4237, '{"userId":-1}'),
(4238, '{"userId":-1}'),
(4239, '{"userId":-1}'),
(4240, '{"userId":-1}'),
(4241, '{"userId":-1}'),
(4242, '{"userId":-1}'),
(4243, '{"userId":-1}'),
(4244, '{"userId":-1}'),
(4245, '{"userId":-1}'),
(4246, '{"userId":-1}'),
(4247, '{"userId":-1}'),
(4248, '{"userId":-1}'),
(4249, '{"userId":-1}'),
(4250, '{"userId":-1}'),
(4251, '{"userId":-1}'),
(4252, '{"userId":-1}'),
(4253, '{"userId":-1}'),
(4254, '{"userId":-1}'),
(4255, '{"userId":-1}'),
(4256, '{"userId":-1}'),
(4257, '{"userId":-1}'),
(4258, '{"userId":-1}'),
(4259, '{"userId":-1}'),
(4260, '{"userId":-1}'),
(4261, '{"userId":-1}'),
(4262, '{"userId":-1}'),
(4263, '{"userId":-1}'),
(4264, '{"userId":-1}'),
(4265, '{"userId":-1}'),
(4266, '{"userId":-1}'),
(4267, '{"userId":-1}'),
(4268, '{"userId":-1}'),
(4269, '{"userId":-1}'),
(4270, '{"userId":-1}'),
(4271, '{"userId":-1}'),
(4272, '{"userId":-1}'),
(4273, '{"userId":-1}'),
(4274, '{"userId":-1}'),
(4275, '{"userId":-1}'),
(4276, '{"userId":-1}'),
(4277, '{"userId":-1}'),
(4278, '{"userId":-1}'),
(4279, '{"userId":-1}'),
(4280, '{"userId":-1}'),
(4281, '{"userId":-1}'),
(4282, '{"userId":-1}'),
(4283, '{"userId":-1}'),
(4284, '{"userId":-1}'),
(4285, '{"userId":-1}'),
(4286, '{"userId":-1}'),
(4287, '{"userId":-1}'),
(4288, '{"userId":-1}'),
(4289, '{"userId":-1}'),
(4290, '{"userId":-1}'),
(4291, '{"userId":-1}'),
(4292, '{"userId":-1}'),
(4293, '{"userId":-1}'),
(4294, '{"userId":-1}'),
(4295, '{"userId":-1}'),
(4296, '{"userId":-1}'),
(4297, '{"userId":-1}'),
(4298, '{"userId":-1}'),
(4299, '{"userId":-1}'),
(4300, '{"userId":-1}'),
(4301, '{"userId":-1}'),
(4302, '{"userId":-1}'),
(4303, '{"userId":-1}'),
(4304, '{"userId":-1}'),
(4305, '{"userId":-1}'),
(4306, '{"userId":-1}'),
(4307, '{"userId":-1}'),
(4308, '{"userId":-1}'),
(4309, '{"userId":-1}'),
(4310, '{"userId":-1}'),
(4311, '{"userId":-1}'),
(4312, '{"userId":-1}'),
(4313, '{"userId":-1}'),
(4314, '{"userId":-1}'),
(4315, '{"userId":-1}'),
(4316, '{"userId":-1}'),
(4317, '{"userId":-1}'),
(4318, '{"userId":-1}'),
(4319, '{"userId":-1}'),
(4320, '{"userId":-1}'),
(4321, '{"userId":-1}'),
(4322, '{"userId":-1}'),
(4323, '{"userId":-1}'),
(4324, '{"userId":-1}'),
(4325, '{"userId":-1}'),
(4326, '{"userId":-1}'),
(4327, '{"userId":-1}'),
(4328, '{"userId":-1}'),
(4329, '{"userId":-1}'),
(4330, '{"userId":-1}'),
(4331, '{"userId":-1}'),
(4332, '{"userId":-1}'),
(4333, '{"userId":-1}'),
(4334, '{"userId":-1}'),
(4335, '{"userId":-1}'),
(4336, '{"userId":-1}'),
(4337, '{"userId":-1}'),
(4338, '{"userId":-1}'),
(4339, '{"userId":-1}'),
(4340, '{"userId":-1}'),
(4341, '{"userId":-1}'),
(4342, '{"userId":-1}'),
(4343, '{"userId":-1}'),
(4344, '{"userId":-1}'),
(4345, '{"userId":-1}'),
(4346, '{"userId":-1}'),
(4347, '{"userId":-1}'),
(4348, '{"userId":-1}'),
(4349, '{"userId":-1}'),
(4350, '{"userId":-1}'),
(4351, '{"userId":-1}'),
(4352, '{"userId":-1}'),
(4353, '{"userId":-1}'),
(4354, '{"userId":-1}'),
(4355, '{"userId":-1}'),
(4356, '{"userId":-1}'),
(4357, '{"userId":-1}'),
(4358, '{"userId":-1}'),
(4359, '{"userId":-1}'),
(4360, '{"userId":-1}'),
(4361, '{"userId":-1}'),
(4362, '{"userId":-1}'),
(4363, '{"userId":-1}'),
(4364, '{"userId":-1}'),
(4365, '{"userId":-1}'),
(4366, '{"userId":-1}'),
(4367, '{"userId":-1}'),
(4368, '{"userId":-1}'),
(4369, '{"userId":-1}'),
(4370, '{"userId":-1}'),
(4371, '{"userId":-1}'),
(4372, '{"userId":-1}'),
(4373, '{"userId":-1}'),
(4374, '{"userId":-1}'),
(4375, '{"userId":-1}'),
(4376, '{"userId":-1}'),
(4377, '{"userId":-1}'),
(4378, '{"userId":-1}'),
(4379, '{"userId":-1}'),
(4380, '{"userId":-1}'),
(4381, '{"userId":-1}'),
(4382, '{"userId":-1}'),
(4383, '{"userId":-1}'),
(4384, '{"userId":-1}'),
(4385, '{"userId":-1}'),
(4386, '{"userId":-1}'),
(4387, '{"userId":-1}'),
(4388, '{"userId":-1}'),
(4389, '{"userId":-1}'),
(4390, '{"userId":-1}'),
(4391, '{"userId":-1}');
INSERT INTO `session` (`id`, `data`) VALUES
(4392, '{"userId":-1}'),
(4393, '{"userId":-1}'),
(4394, '{"userId":-1}'),
(4395, '{"userId":-1}'),
(4396, '{"userId":-1}'),
(4397, '{"userId":-1}'),
(4398, '{"userId":-1}'),
(4399, '{"userId":-1}'),
(4400, '{"userId":-1}'),
(4401, '{"userId":-1}'),
(4402, '{"userId":-1}'),
(4403, '{"userId":-1}'),
(4404, '{"userId":-1}'),
(4405, '{"userId":-1}'),
(4406, '{"userId":-1}'),
(4407, '{"userId":-1}'),
(4408, '{"userId":-1}'),
(4409, '{"userId":-1}'),
(4410, '{"userId":-1}'),
(4411, '{"userId":-1}'),
(4412, '{"userId":-1}'),
(4413, '{"userId":-1}'),
(4414, '{"userId":-1}'),
(4415, '{"userId":-1}'),
(4416, '{"userId":-1}'),
(4417, '{"userId":-1}'),
(4418, '{"userId":-1}'),
(4419, '{"userId":-1}'),
(4420, '{"userId":-1}'),
(4421, '{"userId":-1}'),
(4422, '{"userId":-1}'),
(4423, '{"userId":-1}'),
(4424, '{"userId":-1}'),
(4425, '{"userId":-1}'),
(4426, '{"userId":-1}'),
(4427, '{"userId":-1}'),
(4428, '{"userId":-1}'),
(4429, '{"userId":-1}'),
(4430, '{"userId":-1}'),
(4431, '{"userId":-1}'),
(4432, '{"userId":-1}'),
(4433, '{"userId":-1}'),
(4434, '{"userId":-1}'),
(4435, '{"userId":-1}'),
(4436, '{"userId":-1}'),
(4437, '{"userId":-1}'),
(4438, '{"userId":-1}'),
(4439, '{"userId":-1}'),
(4440, '{"userId":-1}'),
(4441, '{"userId":-1}'),
(4442, '{"userId":-1}'),
(4443, '{"userId":-1}'),
(4444, '{"userId":-1}'),
(4445, '{"userId":-1}'),
(4446, '{"userId":-1}'),
(4447, '{"userId":-1}'),
(4448, '{"userId":-1}'),
(4449, '{"userId":-1}'),
(4450, '{"userId":-1}'),
(4451, '{"userId":-1}'),
(4452, '{"userId":-1}'),
(4453, '{"userId":-1}'),
(4454, '{"userId":-1}'),
(4455, '{"userId":-1}'),
(4456, '{"userId":-1}'),
(4457, '{"userId":-1}'),
(4458, '{"userId":-1}'),
(4459, '{"userId":-1}'),
(4460, '{"userId":-1}'),
(4461, '{"userId":-1}'),
(4462, '{"userId":-1}'),
(4463, '{"userId":-1}'),
(4464, '{"userId":-1}'),
(4465, '{"userId":-1}'),
(4466, '{"userId":-1}'),
(4467, '{"userId":-1}'),
(4468, '{"userId":-1}'),
(4469, '{"userId":-1}'),
(4470, '{"userId":-1}'),
(4471, '{"userId":-1}'),
(4472, '{"userId":-1}'),
(4473, '{"userId":-1}'),
(4474, '{"userId":-1}'),
(4475, '{"userId":-1}'),
(4476, '{"userId":-1}'),
(4477, '{"userId":-1}'),
(4478, '{"userId":-1}'),
(4479, '{"userId":-1}'),
(4480, '{"userId":-1}'),
(4481, '{"userId":-1}'),
(4482, '{"userId":-1}'),
(4483, '{"userId":-1}'),
(4484, '{"userId":-1}'),
(4485, '{"userId":-1}'),
(4486, '{"userId":-1}'),
(4487, '{"userId":-1}'),
(4488, '{"userId":-1}'),
(4489, '{"userId":-1}'),
(4490, '{"userId":-1}'),
(4491, '{"userId":-1}'),
(4492, '{"userId":-1}'),
(4493, '{"userId":-1}'),
(4494, '{"userId":-1}'),
(4495, '{"userId":-1}'),
(4496, '{"userId":-1}'),
(4497, '{"userId":-1}'),
(4498, '{"userId":-1}'),
(4499, '{"userId":-1}'),
(4500, '{"userId":-1}'),
(4501, '{"userId":-1}'),
(4502, '{"userId":-1}'),
(4503, '{"userId":-1}'),
(4504, '{"userId":-1}'),
(4505, '{"userId":-1}'),
(4506, '{"userId":-1}'),
(4507, '{"userId":-1}'),
(4508, '{"userId":-1}'),
(4509, '{"userId":-1}'),
(4510, '{"userId":-1}'),
(4511, '{"userId":-1}'),
(4512, '{"userId":-1}'),
(4513, '{"userId":-1}'),
(4514, '{"userId":-1}'),
(4515, '{"userId":-1}'),
(4516, '{"userId":-1}'),
(4517, '{"userId":-1}'),
(4518, '{"userId":-1}'),
(4519, '{"userId":-1}'),
(4520, '{"userId":-1}'),
(4521, '{"userId":-1}'),
(4522, '{"userId":-1}'),
(4523, '{"userId":-1}'),
(4524, '{"userId":-1}'),
(4525, '{"userId":-1}'),
(4526, '{"userId":-1}'),
(4527, '{"userId":-1}'),
(4528, '{"userId":-1}'),
(4529, '{"userId":-1}'),
(4530, '{"userId":-1}'),
(4531, '{"userId":-1}'),
(4532, '{"userId":-1}'),
(4533, '{"userId":-1}'),
(4534, '{"userId":-1}'),
(4535, '{"userId":-1}'),
(4536, '{"userId":-1}'),
(4537, '{"userId":-1}'),
(4538, '{"userId":-1}'),
(4539, '{"userId":-1}'),
(4540, '{"userId":-1}'),
(4541, '{"userId":-1}'),
(4542, '{"userId":-1}'),
(4543, '{"userId":-1}'),
(4544, '{"userId":-1}'),
(4545, '{"userId":-1}'),
(4546, '{"userId":-1}'),
(4547, '{"userId":-1}'),
(4548, '{"userId":-1}'),
(4549, '{"userId":-1}'),
(4550, '{"userId":-1}'),
(4551, '{"userId":-1}'),
(4552, '{"userId":-1}'),
(4553, '{"userId":-1}'),
(4554, '{"userId":-1}'),
(4555, '{"userId":-1}'),
(4556, '{"userId":-1}'),
(4557, '{"userId":-1}'),
(4558, '{"userId":-1}'),
(4559, '{"userId":-1}'),
(4560, '{"userId":-1}'),
(4561, '{"userId":-1}'),
(4562, '{"userId":-1}'),
(4563, '{"userId":-1}'),
(4564, '{"userId":-1}'),
(4565, '{"userId":-1}'),
(4566, '{"userId":-1}'),
(4567, '{"userId":-1}'),
(4568, '{"userId":-1}'),
(4569, '{"userId":-1}'),
(4570, '{"userId":-1}'),
(4571, '{"userId":-1}'),
(4572, '{"userId":-1}'),
(4573, '{"userId":-1}'),
(4574, '{"userId":-1}'),
(4575, '{"userId":-1}'),
(4576, '{"userId":-1}'),
(4577, '{"userId":-1}'),
(4578, '{"userId":-1}'),
(4579, '{"userId":-1}'),
(4580, '{"userId":-1}'),
(4581, '{"userId":-1}'),
(4582, '{"userId":-1}'),
(4583, '{"userId":-1}'),
(4584, '{"userId":-1}'),
(4585, '{"userId":-1}'),
(4586, '{"userId":-1}'),
(4587, '{"userId":-1}'),
(4588, '{"userId":-1}'),
(4589, '{"userId":-1}'),
(4590, '{"userId":-1}'),
(4591, '{"userId":-1}'),
(4592, '{"userId":-1}'),
(4593, '{"userId":-1}'),
(4594, '{"userId":-1}'),
(4595, '{"userId":-1}'),
(4596, '{"userId":-1}'),
(4597, '{"userId":-1}'),
(4598, '{"userId":-1}'),
(4599, '{"userId":-1}'),
(4600, '{"userId":-1}'),
(4601, '{"userId":-1}'),
(4602, '{"userId":-1}'),
(4603, '{"userId":-1}'),
(4604, '{"userId":-1}'),
(4605, '{"userId":-1}'),
(4606, '{"userId":-1}'),
(4607, '{"userId":-1}'),
(4608, '{"userId":-1}'),
(4609, '{"userId":-1}'),
(4610, '{"userId":-1}'),
(4611, '{"userId":-1}'),
(4612, '{"userId":-1}'),
(4613, '{"userId":-1}'),
(4614, '{"userId":-1}'),
(4615, '{"userId":-1}'),
(4616, '{"userId":-1}'),
(4617, '{"userId":-1}'),
(4618, '{"userId":-1}'),
(4619, '{"userId":-1}'),
(4620, '{"userId":-1}'),
(4621, '{"userId":-1}'),
(4622, '{"userId":-1}'),
(4623, '{"userId":-1}'),
(4624, '{"userId":-1}'),
(4625, '{"userId":-1}'),
(4626, '{"userId":-1}'),
(4627, '{"userId":-1}'),
(4628, '{"userId":-1}'),
(4629, '{"userId":-1}'),
(4630, '{"userId":-1}'),
(4631, '{"userId":-1}'),
(4632, '{"userId":-1}'),
(4633, '{"userId":-1}'),
(4634, '{"userId":-1}'),
(4635, '{"userId":-1}'),
(4636, '{"userId":-1}'),
(4637, '{"userId":-1}'),
(4638, '{"userId":-1}'),
(4639, '{"userId":-1}'),
(4640, '{"userId":-1}'),
(4641, '{"userId":-1}'),
(4642, '{"userId":-1}'),
(4643, '{"userId":-1}'),
(4644, '{"userId":-1}'),
(4645, '{"userId":-1}'),
(4646, '{"userId":-1}'),
(4647, '{"userId":-1}'),
(4648, '{"userId":-1}'),
(4649, '{"userId":-1}'),
(4650, '{"userId":-1}'),
(4651, '{"userId":-1}'),
(4652, '{"userId":-1}'),
(4653, '{"userId":-1}'),
(4654, '{"userId":-1}'),
(4655, '{"userId":-1}'),
(4656, '{"userId":-1}'),
(4657, '{"userId":-1}'),
(4658, '{"userId":-1}'),
(4659, '{"userId":-1}'),
(4660, '{"userId":-1}'),
(4661, '{"userId":-1}'),
(4662, '{"userId":-1}'),
(4663, '{"userId":-1}'),
(4664, '{"userId":-1}'),
(4665, '{"userId":-1}'),
(4666, '{"userId":-1}'),
(4667, '{"userId":-1}'),
(4668, '{"userId":-1}'),
(4669, '{"userId":-1}'),
(4670, '{"userId":-1}'),
(4671, '{"userId":-1}'),
(4672, '{"userId":-1}'),
(4673, '{"userId":-1}'),
(4674, '{"userId":-1}'),
(4675, '{"userId":-1}'),
(4676, '{"userId":-1}'),
(4677, '{"userId":-1}'),
(4678, '{"userId":-1}'),
(4679, '{"userId":-1}'),
(4680, '{"userId":-1}'),
(4681, '{"userId":-1}'),
(4682, '{"userId":-1}'),
(4683, '{"userId":-1}'),
(4684, '{"userId":-1}'),
(4685, '{"userId":-1}'),
(4686, '{"userId":-1}'),
(4687, '{"userId":-1}'),
(4688, '{"userId":-1}'),
(4689, '{"userId":-1}'),
(4690, '{"userId":-1}'),
(4691, '{"userId":-1}'),
(4692, '{"userId":-1}'),
(4693, '{"userId":-1}'),
(4694, '{"userId":-1}'),
(4695, '{"userId":-1}'),
(4696, '{"userId":-1}'),
(4697, '{"userId":-1}'),
(4698, '{"userId":-1}'),
(4699, '{"userId":-1}'),
(4700, '{"userId":-1}'),
(4701, '{"userId":-1}'),
(4702, '{"userId":-1}'),
(4703, '{"userId":-1}'),
(4704, '{"userId":-1}'),
(4705, '{"userId":-1}'),
(4706, '{"userId":-1}'),
(4707, '{"userId":-1}'),
(4708, '{"userId":-1}'),
(4709, '{"userId":-1}'),
(4710, '{"userId":-1}'),
(4711, '{"userId":-1}'),
(4712, '{"userId":-1}'),
(4713, '{"userId":-1}'),
(4714, '{"userId":-1}'),
(4715, '{"userId":-1}'),
(4716, '{"userId":-1}'),
(4717, '{"userId":-1}'),
(4718, '{"userId":-1}'),
(4719, '{"userId":-1}'),
(4720, '{"userId":-1}'),
(4721, '{"userId":-1}'),
(4722, '{"userId":-1}'),
(4723, '{"userId":-1}'),
(4724, '{"userId":-1}'),
(4725, '{"userId":-1}'),
(4726, '{"userId":-1}'),
(4727, '{"userId":-1}'),
(4728, '{"userId":-1}'),
(4729, '{"userId":-1}'),
(4730, '{"userId":-1}'),
(4731, '{"userId":-1}'),
(4732, '{"userId":-1}'),
(4733, '{"userId":-1}'),
(4734, '{"userId":-1}'),
(4735, '{"userId":-1}'),
(4736, '{"userId":-1}'),
(4737, '{"userId":-1}'),
(4738, '{"userId":-1}'),
(4739, '{"userId":-1}'),
(4740, '{"userId":-1}'),
(4741, '{"userId":-1}'),
(4742, '{"userId":-1}'),
(4743, '{"userId":-1}'),
(4744, '{"userId":-1}'),
(4745, '{"userId":-1}'),
(4746, '{"userId":-1}'),
(4747, '{"userId":-1}'),
(4748, '{"userId":-1}'),
(4749, '{"userId":-1}'),
(4750, '{"userId":-1}'),
(4751, '{"userId":-1}'),
(4752, '{"userId":-1}'),
(4753, '{"userId":-1}'),
(4754, '{"userId":-1}'),
(4755, '{"userId":-1}'),
(4756, '{"userId":-1}'),
(4757, '{"userId":-1}'),
(4758, '{"userId":-1}'),
(4759, '{"userId":-1}'),
(4760, '{"userId":-1}'),
(4761, '{"userId":-1}'),
(4762, '{"userId":-1}'),
(4763, '{"userId":-1}'),
(4764, '{"userId":-1}'),
(4765, '{"userId":-1}'),
(4766, '{"userId":-1}'),
(4767, '{"userId":-1}'),
(4768, '{"userId":-1}'),
(4769, '{"userId":-1}'),
(4770, '{"userId":-1}'),
(4771, '{"userId":-1}'),
(4772, '{"userId":-1}'),
(4773, '{"userId":-1}'),
(4774, '{"userId":-1}'),
(4775, '{"userId":-1}'),
(4776, '{"userId":-1}'),
(4777, '{"userId":-1}'),
(4778, '{"userId":-1}'),
(4779, '{"userId":-1}'),
(4780, '{"userId":-1}'),
(4781, '{"userId":-1}'),
(4782, '{"userId":-1}'),
(4783, '{"userId":-1}'),
(4784, '{"userId":-1}'),
(4785, '{"userId":-1}'),
(4786, '{"userId":-1}'),
(4787, '{"userId":-1}'),
(4788, '{"userId":-1}'),
(4789, '{"userId":-1}'),
(4790, '{"userId":-1}'),
(4791, '{"userId":-1}'),
(4792, '{"userId":-1}'),
(4793, '{"userId":-1}'),
(4794, '{"userId":-1}'),
(4795, '{"userId":-1}'),
(4796, '{"userId":-1}'),
(4797, '{"userId":-1}'),
(4798, '{"userId":-1}'),
(4799, '{"userId":-1}'),
(4800, '{"userId":-1}'),
(4801, '{"userId":-1}'),
(4802, '{"userId":-1}'),
(4803, '{"userId":-1}'),
(4804, '{"userId":-1}'),
(4805, '{"userId":-1}'),
(4806, '{"userId":-1}'),
(4807, '{"userId":-1}'),
(4808, '{"userId":-1}'),
(4809, '{"userId":-1}'),
(4810, '{"userId":-1}'),
(4811, '{"userId":-1}'),
(4812, '{"userId":-1}'),
(4813, '{"userId":-1}'),
(4814, '{"userId":-1}'),
(4815, '{"userId":-1}'),
(4816, '{"userId":-1}'),
(4817, '{"userId":-1}'),
(4818, '{"userId":-1}'),
(4819, '{"userId":-1}'),
(4820, '{"userId":-1}'),
(4821, '{"userId":-1}'),
(4822, '{"userId":-1}'),
(4823, '{"userId":-1}'),
(4824, '{"userId":-1}'),
(4825, '{"userId":-1}'),
(4826, '{"userId":-1}'),
(4827, '{"userId":-1}'),
(4828, '{"userId":-1}'),
(4829, '{"userId":-1}'),
(4830, '{"userId":-1}'),
(4831, '{"userId":-1}'),
(4832, '{"userId":-1}'),
(4833, '{"userId":-1}'),
(4834, '{"userId":-1}'),
(4835, '{"userId":-1}'),
(4836, '{"userId":-1}'),
(4837, '{"userId":-1}'),
(4838, '{"userId":-1}'),
(4839, '{"userId":-1}'),
(4840, '{"userId":-1}'),
(4841, '{"userId":-1}'),
(4842, '{"userId":-1}'),
(4843, '{"userId":-1}'),
(4844, '{"userId":-1}'),
(4845, '{"userId":-1}'),
(4846, '{"userId":-1}'),
(4847, '{"userId":-1}'),
(4848, '{"userId":-1}'),
(4849, '{"userId":-1}'),
(4850, '{"userId":-1}'),
(4851, '{"userId":-1}'),
(4852, '{"userId":-1}'),
(4853, '{"userId":-1}'),
(4854, '{"userId":-1}'),
(4855, '{"userId":-1}'),
(4856, '{"userId":-1}'),
(4857, '{"userId":-1}'),
(4858, '{"userId":-1}'),
(4859, '{"userId":-1}'),
(4860, '{"userId":-1}'),
(4861, '{"userId":-1}'),
(4862, '{"userId":-1}'),
(4863, '{"userId":-1}'),
(4864, '{"userId":-1}'),
(4865, '{"userId":-1}'),
(4866, '{"userId":-1}'),
(4867, '{"userId":-1}'),
(4868, '{"userId":-1}'),
(4869, '{"userId":-1}'),
(4870, '{"userId":-1}'),
(4871, '{"userId":-1}'),
(4872, '{"userId":-1}'),
(4873, '{"userId":-1}'),
(4874, '{"userId":-1}'),
(4875, '{"userId":-1}'),
(4876, '{"userId":-1}'),
(4877, '{"userId":-1}'),
(4878, '{"userId":-1}'),
(4879, '{"userId":-1}'),
(4880, '{"userId":-1}'),
(4881, '{"userId":-1}'),
(4882, '{"userId":-1}'),
(4883, '{"userId":-1}'),
(4884, '{"userId":-1}'),
(4885, '{"userId":-1}'),
(4886, '{"userId":-1}'),
(4887, '{"userId":-1}'),
(4888, '{"userId":-1}'),
(4889, '{"userId":-1}'),
(4890, '{"userId":-1}'),
(4891, '{"userId":-1}'),
(4892, '{"userId":-1}'),
(4893, '{"userId":-1}'),
(4894, '{"userId":-1}'),
(4895, '{"userId":-1}'),
(4896, '{"userId":-1}'),
(4897, '{"userId":-1}'),
(4898, '{"userId":-1}'),
(4899, '{"userId":-1}'),
(4900, '{"userId":-1}'),
(4901, '{"userId":-1}'),
(4902, '{"userId":-1}'),
(4903, '{"userId":-1}'),
(4904, '{"userId":-1}'),
(4905, '{"userId":-1}'),
(4906, '{"userId":-1}'),
(4907, '{"userId":-1}'),
(4908, '{"userId":-1}'),
(4909, '{"userId":-1}'),
(4910, '{"userId":-1}'),
(4911, '{"userId":-1}'),
(4912, '{"userId":-1}'),
(4913, '{"userId":-1}'),
(4914, '{"userId":-1}'),
(4915, '{"userId":-1}'),
(4916, '{"userId":-1}'),
(4917, '{"userId":-1}'),
(4918, '{"userId":-1}'),
(4919, '{"userId":-1}'),
(4920, '{"userId":-1}'),
(4921, '{"userId":-1}'),
(4922, '{"userId":-1}'),
(4923, '{"userId":-1}'),
(4924, '{"userId":-1}'),
(4925, '{"userId":-1}'),
(4926, '{"userId":-1}'),
(4927, '{"userId":-1}'),
(4928, '{"userId":-1}'),
(4929, '{"userId":-1}'),
(4930, '{"userId":-1}'),
(4931, '{"userId":-1}'),
(4932, '{"userId":-1}'),
(4933, '{"userId":-1}'),
(4934, '{"userId":-1}'),
(4935, '{"userId":-1}'),
(4936, '{"userId":-1}'),
(4937, '{"userId":-1}'),
(4938, '{"userId":-1}'),
(4939, '{"userId":-1}'),
(4940, '{"userId":-1}'),
(4941, '{"userId":-1}'),
(4942, '{"userId":-1}'),
(4943, '{"userId":-1}'),
(4944, '{"userId":-1}'),
(4945, '{"userId":-1}'),
(4946, '{"userId":-1}'),
(4947, '{"userId":-1}'),
(4948, '{"userId":-1}'),
(4949, '{"userId":-1}'),
(4950, '{"userId":-1}'),
(4951, '{"userId":-1}'),
(4952, '{"userId":-1}'),
(4953, '{"userId":-1}'),
(4954, '{"userId":-1}'),
(4955, '{"userId":-1}'),
(4956, '{"userId":-1}'),
(4957, '{"userId":-1}'),
(4958, '{"userId":-1}'),
(4959, '{"userId":-1}'),
(4960, '{"userId":-1}'),
(4961, '{"userId":-1}'),
(4962, '{"userId":-1}'),
(4963, '{"userId":-1}'),
(4964, '{"userId":-1}'),
(4965, '{"userId":-1}'),
(4966, '{"userId":-1}'),
(4967, '{"userId":-1}'),
(4968, '{"userId":-1}'),
(4969, '{"userId":-1}'),
(4970, '{"userId":-1}'),
(4971, '{"userId":-1}'),
(4972, '{"userId":-1}'),
(4973, '{"userId":-1}'),
(4974, '{"userId":-1}'),
(4975, '{"userId":-1}'),
(4976, '{"userId":-1}'),
(4977, '{"userId":-1}'),
(4978, '{"userId":-1}'),
(4979, '{"userId":-1}'),
(4980, '{"userId":-1}'),
(4981, '{"userId":-1}'),
(4982, '{"userId":-1}'),
(4983, '{"userId":-1}'),
(4984, '{"userId":-1}'),
(4985, '{"userId":-1}'),
(4986, '{"userId":-1}'),
(4987, '{"userId":-1}'),
(4988, '{"userId":-1}'),
(4989, '{"userId":-1}'),
(4990, '{"userId":-1}'),
(4991, '{"userId":-1}'),
(4992, '{"userId":-1}'),
(4993, '{"userId":-1}'),
(4994, '{"userId":-1}'),
(4995, '{"userId":-1}'),
(4996, '{"userId":-1}'),
(4997, '{"userId":-1}'),
(4998, '{"userId":-1}'),
(4999, '{"userId":-1}'),
(5000, '{"userId":-1}'),
(5001, '{"userId":-1}'),
(5002, '{"userId":-1}'),
(5003, '{"userId":-1}'),
(5004, '{"userId":-1}'),
(5005, '{"userId":-1}'),
(5006, '{"userId":-1}'),
(5007, '{"userId":-1}'),
(5008, '{"userId":-1}'),
(5009, '{"userId":-1}'),
(5010, '{"userId":-1}'),
(5011, '{"userId":-1}'),
(5012, '{"userId":-1}'),
(5013, '{"userId":-1}'),
(5014, '{"userId":-1}'),
(5015, '{"userId":-1}'),
(5016, '{"userId":-1}'),
(5017, '{"userId":-1}'),
(5018, '{"userId":-1}'),
(5019, '{"userId":-1}'),
(5020, '{"userId":-1}'),
(5021, '{"userId":-1}'),
(5022, '{"userId":-1}'),
(5023, '{"userId":-1}'),
(5024, '{"userId":-1}'),
(5025, '{"userId":-1}'),
(5026, '{"userId":-1}'),
(5027, '{"userId":-1}'),
(5028, '{"userId":-1}'),
(5029, '{"userId":-1}'),
(5030, '{"userId":-1}'),
(5031, '{"userId":-1}'),
(5032, '{"userId":-1}'),
(5033, '{"userId":-1}'),
(5034, '{"userId":-1}'),
(5035, '{"userId":-1}'),
(5036, '{"userId":-1}'),
(5037, '{"userId":-1}'),
(5038, '{"userId":-1}'),
(5039, '{"userId":-1}'),
(5040, '{"userId":-1}'),
(5041, '{"userId":-1}'),
(5042, '{"userId":-1}'),
(5043, '{"userId":-1}'),
(5044, '{"userId":-1}'),
(5045, '{"userId":-1}'),
(5046, '{"userId":-1}'),
(5047, '{"userId":-1}'),
(5048, '{"userId":-1}'),
(5049, '{"userId":-1}'),
(5050, '{"userId":-1}'),
(5051, '{"userId":-1}'),
(5052, '{"userId":-1}'),
(5053, '{"userId":-1}'),
(5054, '{"userId":-1}'),
(5055, '{"userId":-1}'),
(5056, '{"userId":-1}'),
(5057, '{"userId":-1}'),
(5058, '{"userId":-1}'),
(5059, '{"userId":-1}'),
(5060, '{"userId":-1}'),
(5061, '{"userId":-1}'),
(5062, '{"userId":-1}'),
(5063, '{"userId":-1}'),
(5064, '{"userId":-1}'),
(5065, '{"userId":-1}'),
(5066, '{"userId":-1}'),
(5067, '{"userId":-1}'),
(5068, '{"userId":-1}'),
(5069, '{"userId":-1}'),
(5070, '{"userId":-1}'),
(5071, '{"userId":-1}'),
(5072, '{"userId":-1}');

-- --------------------------------------------------------

--
-- Estrutura para tabela `subject`
--

CREATE TABLE `subject` (
  `id` int(11) NOT NULL,
  `user` int(11) NOT NULL,
  `text` varchar(1023) CHARACTER SET utf8 NOT NULL,
  `creationDate` datetime NOT NULL,
  `private` tinyint(1) NOT NULL
) ENGINE=InnoDB DEFAULT CHARSET=utf8 COLLATE=utf8_unicode_ci;

--
-- Fazendo dump de dados para tabela `subject`
--

INSERT INTO `subject` (`id`, `user`, `text`, `creationDate`, `private`) VALUES
(9, 4, 'Мэль ыт бонорюм бландит! Вэл но оффекйяж пырфэкто квюальизквюэ. Йн векж нюлльа аппэтырэ пэрпэтюа? Дуо эа ныглэгэнтур зигнёфэрумквюы, юллюм эррэм дяшзынтиыт ад нык.', '2016-08-02 20:02:26', 0),
(10, 4, 'Апыирёан инкедыринт контынтёонэж эю эжт, пэр ут зюжкепиантюр витюпэраторебуз! Шэа рэгяонэ емпыдит зкрипторэм нэ, витаэ граэкы пробатуж пэр ад, квюаыквуэ юрбанйтаж компльыктётюр мэя но.', '2016-08-04 10:32:26', 0),
(11, 4, 'Ку вэре фиэрэнт форынчйбюж прё. Йн щуавятатэ пэржыкюти квюаырэндум прё! Вим тымпор вэрйтюж ан, эжт эю алёа дольор зальютатуж. Квуй ютроквюы рыкючабо йн.', '2016-08-06 15:53:26', 0),
(12, 4, 'Алёа кибо льабятюр ут жят, каючаэ нюмквуам нэ нам, ан аффэрт пропрёаы губэргрэн еюж? Экз фэюгаят фачтидёе тхэопхражтуз прё! Эа молэчтёэ патриоквюы констятюам жят. Нэ корпора интэллэгат вяш? Азжюывырит кончэктэтюыр ючю эи', '2016-08-07 17:58:26', 0),
(13, 4, 'д дёкант адвыржаряюм дуо, эи нюлльам граэкйж вивэндюм векж. Ты вэл дэбыт инзтруктеор. Рыбюм мовэт дэфянятйоныс нам ут, мэль ед фырре малйж рэформйданч, эним вёвындо вяш ед?', '2016-08-11 10:02:26', 0),
(14, 4, 'Вяш агам эчжынт ты, нэ мэя алёа рыквюы аккюсам, про вэрйтюж лобортис эа. Векж мыис рыпримёквуы зигнёфэрумквюы йн, омнэжквюы алёквюам ад хаж! Алёа граэко ут эжт, ан квюот пропрёаы квуй. Ыам ут ельлюд нихйл долорэж', '2016-08-13 08:21:26', 0),
(15, 1, 'Пропрёаы интылльэгэбат ючю экз, мэль ёнанй жэмпэр ныкэжчятатябюз йн, одео либриз эрепюят хаж ед? Мыа факэр ылаборарэт экз? Вэл видэ ипзум эю, эжт йн хомэро юлламкорпэр, нам ыпикурэи ажжынтиор ныкэжчятатябюз экз. Квуёдам майыжтатйж пхйложопхяа квюо эи? Лебыр ножтро ыкжпэтэндяз ед мыа! Нам эа ырант алёэнюм', '2016-08-13 10:24:26', 0),
(16, 1, 'нэ дёко праэчынт дуо, эю ыюм тамквюам альбюкиюс зальутанде. Мольлиз маиорюм дэмокритум ат нык! Ыт нам пауло алёэнюм пыртенакж! Алёквюам дяшзынтиыт ючю ку. Еюж ат емпэтюсъ абхоррэант, пэр долорэм докэндё нэ! Эа шэа мольлиз пэрчёус витюпэраторебуз, эжт йн дектаж пожйдонёюм жкряпшэрит! Квюо аффэрт граэкы пэртинакёа эи.', '2016-08-14 19:34:26', 0),
(17, 3, 'Нюлльам апыирёан пэр эю, вим ад выро толлйт коррюмпит. Ку еюж атквюе аккюмзан. Ютроквюы номинатй дэмокритум векж ад, ад тантаз рэформйданч компльыктётюр квуй?', '2016-08-15 12:40:26', 0),
(18, 3, 'Ат квюо алььтыра форынчйбюж аргюмынтум, ельлюд дэмокритум конжтетуто кюм ад? Хёз вэниам запиэнтэм нэ. Пэр ты факэр граэко адмодум, ад вим мюндй рэктэквуэ рэформйданч. Ыюм жюмо эррэм вэрйтюж эа.', '2016-08-17 16:48:30', 0),
(19, 3, 'Ыам молэчтёэ ометтантур эи, мэль экз омйттам элььэефэнд ратионебюж! Шэа чент мёнём ыт, ан нык пробо дольор? Еюж экз ельлюд модюж декта! Йн ридэнж фабыллас еракюндйа эож, клита лобортис трактатоз эю хаж, ыюм но мандамюч дйжпютандо.', '2016-08-18 09:30:26', 0),
(20, 1, 'Ку коммюны индоктум еюж. Экз брутэ малйж аугюэ прё, эю попюльо нюмквуам коммюны хёз! Харюм конгуы ючю ан, квюо ты конгуы тинкидюнт модыратиюз, ан модо дёкант оффекйяж нык. Ыт одео дычэрунт интылльэгэбат шэа, ед шэа рыбюм мэнтётюм. Нэ пюрто унюм квюо, ат модюж юллюм еракюндйа ыюм.', '2016-08-18 12:08:26', 0),
(21, 1, 'Оратио алььтэрюм зальутанде нэ нык! Ут эжт жэмпэр вокынт, йн дёкант эквюедым эжт? Мюнырэ юрбанйтаж вольуптатибюж ючю эи, рыквюы рыпудяары квуй нэ. Ад пэрчёус интылльэгэбат про, ку эррэм позтюлант мыа? Шэа ты фалля аляквюид', '2016-08-19 10:43:26', 0),
(22, 3, 'Шэа ты чтэт номинатй, ад зюаз пэржыкюти хёз! Эуежмод нонюмэш квюо нэ, вокябюч алёэнюм ыт вэл? Нихйл дэчырюёжжэ ыт ыюм, модюж аюдиам рэформйданч прё но, заэпы анёмал дуо ыт. Прё лыгимуз пльакырат йн? Эжт ан видэ дюиж пропрёаы, эож ад незл льаорыыт?', '2016-08-19 22:03:26', 1);

-- --------------------------------------------------------

--
-- Estrutura para tabela `user`
--

CREATE TABLE `user` (
  `id` int(11) NOT NULL,
  `pseudo` varchar(255) COLLATE utf8_unicode_ci NOT NULL,
  `firstName` varchar(63) COLLATE utf8_unicode_ci DEFAULT NULL,
  `lastName` varchar(63) COLLATE utf8_unicode_ci DEFAULT NULL,
  `email` varchar(255) COLLATE utf8_unicode_ci DEFAULT NULL,
  `password` varchar(255) COLLATE utf8_unicode_ci DEFAULT NULL,
  `admin` tinyint(1) NOT NULL,
  `creationDate` datetime NOT NULL
) ENGINE=InnoDB DEFAULT CHARSET=utf8 COLLATE=utf8_unicode_ci;

--
-- Fazendo dump de dados para tabela `user`
--

INSERT INTO `user` (`id`, `pseudo`, `firstName`, `lastName`, `email`, `password`, `admin`, `creationDate`) VALUES
(1, 'mariya', 'Мария', 'Аксёнов', 'mariya392@gmail.com', '5f4dcc3b5aa765d61d8327deb882cf99', 0, '2011-03-21 12:35:26'),
(2, 'admin', 'Борис', 'Драгомиров', 'youlia@gmail.com', 'f71dbe52628a3f83a77ab494817525c6', 1, '2011-03-21 12:35:26'),
(3, 'baris', 'Борис', 'полностью', 'baris.niko@gmail.com', '5f4dcc3b5aa765d61d8327deb882cf99', 0, '2011-03-21 12:35:26'),
(4, 'nikita', 'Никита', 'Ильюшин', 'nikita.iouslov@gmail.com', '827ccb0eea8a706c4c34a16891f84e7b', 0, '2015-04-04 11:08:26'),
(5, 'ivane', 'Иван', 'Кравчук', 'ivan020@gmail.com', 'ab4f63f9ac65152575886860dde480a1', 0, '2015-07-04 11:08:26'),
(6, 'serguei', 'Сергей', 'Нуртдинов', 'botlov@gmail.com', 'b6edd10559b20cb0a3ddaeb15e5267cc', 0, '2015-06-04 11:08:26'),
(7, 'yegor', 'Егор', 'Снаткин', 'yerop20@gmail.com', 'aa8af3ebe14831a7cd1b6d1383a03755', 0, '2015-09-04 11:08:26'),
(8, 'ksenia', 'Ксения', 'Хаслик', 'afokesnia@gmail.com', 'c3581516868fb3b71746931cac66390e', 0, '2015-06-03 11:08:26');

--
-- Índices de tabelas apagadas
--

--
-- Índices de tabela `comment`
--
ALTER TABLE `comment`
  ADD PRIMARY KEY (`id`);

--
-- Índices de tabela `session`
--
ALTER TABLE `session`
  ADD PRIMARY KEY (`id`);

--
-- Índices de tabela `subject`
--
ALTER TABLE `subject`
  ADD PRIMARY KEY (`id`);

--
-- Índices de tabela `user`
--
ALTER TABLE `user`
  ADD PRIMARY KEY (`id`);

--
-- AUTO_INCREMENT de tabelas apagadas
--

--
-- AUTO_INCREMENT de tabela `comment`
--
ALTER TABLE `comment`
  MODIFY `id` int(11) NOT NULL AUTO_INCREMENT, AUTO_INCREMENT=21;
--
-- AUTO_INCREMENT de tabela `session`
--
ALTER TABLE `session`
  MODIFY `id` int(11) NOT NULL AUTO_INCREMENT, AUTO_INCREMENT=5073;
--
-- AUTO_INCREMENT de tabela `subject`
--
ALTER TABLE `subject`
  MODIFY `id` int(11) NOT NULL AUTO_INCREMENT, AUTO_INCREMENT=23;
--
-- AUTO_INCREMENT de tabela `user`
--
ALTER TABLE `user`
  MODIFY `id` int(11) NOT NULL AUTO_INCREMENT, AUTO_INCREMENT=9;
/*!40101 SET CHARACTER_SET_CLIENT=@OLD_CHARACTER_SET_CLIENT */;
/*!40101 SET CHARACTER_SET_RESULTS=@OLD_CHARACTER_SET_RESULTS */;
/*!40101 SET COLLATION_CONNECTION=@OLD_COLLATION_CONNECTION */;
